topology,model,model_label,horizon,seed_count,signature_match_count,signature_match_fraction,expected_h1,expected_h2,knn_scale_median,knn_scale_min,knn_scale_max,zero_knn_fraction_median,zero_knn_fraction_min,zero_knn_fraction_max,detected_h1_median,detected_h1_min,detected_h1_max,detected_h2_median,detected_h2_min,detected_h2_max,signature_distance_median,signature_distance_min,signature_distance_max,bottleneck_h1_median,bottleneck_h1_min,bottleneck_h1_max,bottleneck_h2_median,bottleneck_h2_min,bottleneck_h2_max,bottleneck_mean_median,bottleneck_mean_min,bottleneck_mean_max,bottleneck_mean_over_threshold_median,bottleneck_mean_over_threshold_min,bottleneck_mean_over_threshold_max,h1_persistence_1_median,h1_persistence_1_min,h1_persistence_1_max,h1_persistence_2_median,h1_persistence_2_min,h1_persistence_2_max,h1_persistence_3_median,h1_persistence_3_min,h1_persistence_3_max,h2_persistence_1_median,h2_persistence_1_min,h2_persistence_1_max,h2_persistence_2_median,h2_persistence_2_min,h2_persistence_2_max
s1,rnn,RNN,0,3,2,0.6666666666666666,1,0,0.4136586275204063,0.06256935747827944,0.49550032928905197,0.0,0.0,0.0,1.0,0.0,1.0,0.0,0.0,0.0,0.0,0.0,1.0,0.8162727355957031,0.6757993698120117,5.736368775367737,0.04316902160644531,4.76837158203125e-07,0.07234430313110352,0.4443085193634033,0.3594841957092285,2.8681846261024475,0.0774546645730461,0.06266755325300427,0.5000000415626311,10.637144684791565,0.014828264713287354,11.842623770236969,0.0,0.0,0.0,0.0,0.0,0.0,0.08633804321289062,0.0,0.14468860626220703,0.08230304718017578,0.0,0.10608482360839844
s1,rnn,RNN,128,3,2,0.6666666666666666,1,0,0.6964501757301682,0.05222135643782834,0.8253652038720456,0.0,0.0,0.0,1.0,0.0,1.0,0.0,0.0,0.0,0.0,0.0,1.0,2.5436649322509766,0.9504575729370117,5.736368775367737,0.04181861877441406,4.76837158203125e-07,0.041937828063964844,1.2928013801574707,0.4961380958557129,2.8681846261024475,0.2253692938481965,0.0864899233790818,0.5000000415626311,8.25175428390503,0.0,9.965638935565948,0.0,0.0,0.0,0.0,0.0,0.0,0.08363723754882812,0.0,0.08387565612792969,0.06138324737548828,0.0,0.08358478546142578
s1,rnn,RNN,512,3,2,0.6666666666666666,1,0,0.33730998268213364,0.01304427661035891,0.3597979374402328,0.0,0.0,0.0,1.0,0.0,1.0,0.0,0.0,0.0,0.0,0.0,1.0,6.3471808433532715,5.736368775367737,7.569302082061768,0.10222816467285156,4.76837158203125e-07,0.2418041229248047,3.2247045040130615,2.8681846261024475,3.905553102493286,0.5621508362328637,0.5000000415626311,0.6808406599073499,12.694361686706543,1.0355850463383831e-05,15.138604164123535,0.0,0.0,3.5574339563027024e-06,0.0,0.0,2.262248017359525e-06,0.20445632934570312,0.0,0.4836082458496094,0.12822914123535156,0.0,0.2085132598876953
s1,rnn,RNN,2048,3,0,0.0,1,0,0.0011924035815617032,3.769728732309794e-07,0.04632918532406578,0.0,0.0,0.0,0.0,0.0,0.0,0.0,0.0,0.0,1.0,1.0,1.0,5.736368775367737,5.736368775367737,5.736368775367737,4.76837158203125e-07,4.76837158203125e-07,4.76837158203125e-07,2.8681846261024475,2.8681846261024475,2.8681846261024475,0.5000000415626311,0.5000000415626311,0.5000000415626311,0.5,6.136216688901186e-05,2.292724609375,0.0,0.0,0.09953784942626953,0.0,0.0,0.03518033027648926,0.0,0.0,0.0,0.0,0.0,0.0
s1,gru,GRU,0,3,3,1.0,1,0,0.35325754115877256,0.35086475037667886,0.3562141886341905,0.0,0.0,0.0,1.0,1.0,1.0,0.0,0.0,0.0,0.0,0.0,0.0,0.07635974884033203,0.039536476135253906,0.1797466278076172,0.05714607238769531,0.056809425354003906,0.057788848876953125,0.06707429885864258,0.04834127426147461,0.11827802658081055,0.011692814999388302,0.008427155950826336,0.020618971898860913,11.361303269863129,11.278078019618988,11.409713000059128,0.0,0.0,0.0,0.0,0.0,0.0,0.11429214477539062,0.11361885070800781,0.11557769775390625,0.11010360717773438,0.10794258117675781,0.1103982925415039
s1,gru,GRU,128,3,3,1.0,1,0,0.35740484542314976,0.34840684980808523,0.37274010094809285,0.0,0.0,0.0,1.0,1.0,1.0,0.0,0.0,0.0,0.0,0.0,0.0,0.2720012664794922,0.17841339111328125,0.36737060546875,0.0681309700012207,0.055161476135253906,0.06844043731689453,0.17022085189819336,0.11678743362426758,0.21775078773498535,0.029673972954655646,0.020359122329400934,0.037959691271945144,11.693139493465424,11.291260480880737,11.755857020616531,0.0,0.0,0.0,0.0,0.0,0.0,0.1362619400024414,0.11032295227050781,0.13688087463378906,0.11377429962158203,0.1052083969116211,0.1269969940185547
s1,gru,GRU,512,3,3,1.0,1,0,0.3394621145518164,0.32590408806674237,0.3547678880377082,0.0,0.0,0.0,1.0,1.0,1.0,0.0,0.0,0.0,0.0,0.0,0.0,0.9180030822753906,0.4407796859741211,1.1924781799316406,0.07391119003295898,0.06319236755371094,0.08479976654052734,0.4959571361541748,0.251986026763916,0.638638973236084,0.08645837734209842,0.0439277941554171,0.11133157546956057,12.118899524211884,11.705183625221252,12.444660127162933,0.0,0.0,0.0,0.0,0.0,0.0,0.14782238006591797,0.12638473510742188,0.1695995330810547,0.12396812438964844,0.11143302917480469,0.1525440216064453
s1,gru,GRU,2048,3,3,1.0,1,0,0.19407570994466122,0.1615393373954263,0.28335453581190584,0.0,0.0,0.0,1.0,1.0,1.0,0.0,0.0,0.0,0.0,0.0,0.0,9.190328598022461,3.5330162048339844,10.46717882156372,0.2725658416748047,0.17357110977172852,0.4430828094482422,4.731447219848633,1.8532936573028564,5.4551308155059814,0.8248157336337425,0.3230778441687701,0.9509728242944551,18.380657196044922,12.238019704818726,20.93435764312744,0.0,0.0,0.0,0.0,0.0,0.0,0.5451316833496094,0.34714221954345703,0.8861656188964844,0.3601341247558594,0.2479257583618164,0.7492160797119141
s1,lstm,LSTM,0,3,3,1.0,1,0,0.47138513301026724,0.44421960204532973,0.4745946340888827,0.0,0.0,0.0,1.0,1.0,1.0,0.0,0.0,0.0,0.0,0.0,0.0,0.6255006790161133,0.5624094009399414,0.6932907104492188,0.054945945739746094,0.05098581314086914,0.060152530670166016,0.34282660484313965,0.3066976070404053,0.3741183280944824,0.05976369690792105,0.05346546204584695,0.06521866754818237,10.821525156497955,10.757853865623474,10.831788271665573,0.0,0.0,0.0,0.0,0.0,0.0,0.10989189147949219,0.10197162628173828,0.12030506134033203,0.09856128692626953,0.08952999114990234,0.1140298843383789
s1,lstm,LSTM,128,3,3,1.0,1,0,0.459506850676299,0.43080757334424835,0.4790147389185404,0.0,0.0,0.0,1.0,1.0,1.0,0.0,0.0,0.0,0.0,0.0,0.0,0.4593067169189453,0.2937040328979492,0.6100320816040039,0.05182361602783203,0.05148458480834961,0.05279684066772461,0.25539565086364746,0.17325043678283691,0.33092784881591797,0.04452218134237282,0.03020210930768315,0.05768943067902803,10.925264954566956,10.739570409059525,11.105141758918762,0.0,0.0,0.0,0.0,0.0,0.0,0.10364723205566406,0.10296916961669922,0.10559368133544922,0.10109615325927734,0.09905433654785156,0.10444355010986328
s1,lstm,LSTM,512,3,3,1.0,1,0,0.34685989989473553,0.33435217139389284,0.4386453912546875,0.0,0.0,0.0,1.0,1.0,1.0,0.0,0.0,0.0,0.0,0.0,0.0,2.834527015686035,0.40744876861572266,3.4304027557373047,0.09443235397338867,0.07692432403564453,0.10302543640136719,1.464479684829712,0.2421865463256836,1.766714096069336,0.2552973391665932,0.042219486893109996,0.3079847487587788,13.076958060264587,11.48487138748169,14.060510277748108,0.0,0.0,0.0,0.0,0.0,0.0,0.18886470794677734,0.15384864807128906,0.20605087280273438,0.15989208221435547,0.10034942626953125,0.1848297119140625
s1,lstm,LSTM,2048,3,3,1.0,1,0,0.12607379387954548,0.07332801524639049,0.28291154651732064,0.0,0.0,0.0,1.0,1.0,1.0,0.0,0.0,0.0,0.0,0.0,0.0,7.160571098327637,5.736368775367737,11.331401824951172,0.21306419372558594,4.76837158203125e-07,1.0715579986572266,3.6868176460266113,2.8681846261024475,6.201479911804199,0.6427093149690788,0.5000000415626311,1.0810811080406255,15.771242141723633,6.453807830810547,22.662803649902344,0.0,0.0,0.0,0.0,0.0,0.0,0.4261283874511719,0.0,2.143115997314453,0.39397621154785156,0.0,0.613494873046875
s1,calru,CA-LRU,0,3,3,1.0,1,0,0.1438521870835451,0.11727376970544447,0.21245181128652246,0.0,0.0,0.0,1.0,1.0,1.0,0.0,0.0,0.0,0.0,0.0,0.0,0.36974430084228516,0.02063918113708496,0.4831562042236328,0.055533409118652344,0.052410125732421875,0.06709003448486328,0.21263885498046875,0.04386460781097412,0.26778316497802734,0.03706854689913782,0.0076467552085094335,0.046681650964962726,11.100066989660263,10.97090357542038,11.442912578582764,0.0,0.0,0.0,0.0,0.0,0.0,0.11106681823730469,0.10482025146484375,0.13418006896972656,0.11071968078613281,0.09566211700439453,0.118194580078125
s1,calru,CA-LRU,128,3,3,1.0,1,0,0.1420057181858716,0.11635688148277826,0.20944814277570045,0.0,0.0,0.0,1.0,1.0,1.0,0.0,0.0,0.0,0.0,0.0,0.0,0.27694225311279297,0.01753184199333191,0.4153156280517578,0.056181907653808594,0.055998802185058594,0.07263708114624023,0.16656208038330078,0.04508446156978607,0.2356572151184082,0.029036152818230052,0.007859407812723106,0.04108125267858169,11.19299840927124,11.0377716422081,11.447342664003372,0.0,0.0,0.0,0.0,0.0,0.0,0.11236381530761719,0.11199760437011719,0.14527416229248047,0.10734844207763672,0.1054840087890625,0.13047218322753906
s1,calru,CA-LRU,512,3,3,1.0,1,0,0.14200475984502384,0.1163568814827773,0.20944814277508061,0.0,0.0,0.0,1.0,1.0,1.0,0.0,0.0,0.0,0.0,0.0,0.0,0.27694225311279297,0.01753184199333191,0.4152383804321289,0.056181907653808594,0.05595541000366211,0.07263708114624023,0.16656208038330078,0.04508446156978607,0.2355968952178955,0.029036152818230052,0.007859407812723106,0.04107073733292056,11.19299840927124,11.037846893072128,11.447342664003372,0.0,0.0,0.0,0.0,0.0,0.0,0.11236381530761719,0.11191082000732422,0.14527416229248047,0.10727119445800781,0.1054840087890625,0.13047218322753906
s1,calru,CA-LRU,2048,3,3,1.0,1,0,0.1420009308126694,0.1163568814827773,0.20944814277508061,0.0,0.0,0.0,1.0,1.0,1.0,0.0,0.0,0.0,0.0,0.0,0.0,0.27694225311279297,0.01753184199333191,0.4149332046508789,0.056181907653808594,0.05578184127807617,0.07263708114624023,0.16656208038330078,0.04508446156978607,0.23535752296447754,0.029036152818230052,0.007859407812723106,0.04102900845132462,11.19299840927124,11.038141429424286,11.447342664003372,0.0,0.0,0.0,0.0,0.0,0.0,0.11236381530761719,0.11156368255615234,0.14527416229248047,0.10728740692138672,0.1054840087890625,0.13047218322753906
s1,hc,H-C,0,3,3,1.0,1,0,0.22269241737268053,0.19774281914343556,0.2247756111821604,0.0,0.0,0.0,1.0,1.0,1.0,0.0,0.0,0.0,0.0,0.0,0.0,0.19529438018798828,0.027662545442581177,0.2145071029663086,0.059255123138427734,0.05521965026855469,0.05933856964111328,0.12525701522827148,0.04350055754184723,0.13688111305236816,0.021835593235590357,0.007583291668527461,0.023861979313488827,11.252469509840012,11.23478677868843,11.453416794538498,0.0,0.0,0.0,0.0,0.0,0.0,0.11851024627685547,0.11043930053710938,0.11867713928222656,0.10646247863769531,0.10595130920410156,0.11071491241455078
s1,hc,H-C,128,3,3,1.0,1,0,0.22747632171665771,0.2012753317075811,0.23802431015889935,0.0,0.0,0.0,1.0,1.0,1.0,0.0,0.0,0.0,0.0,0.0,0.0,0.23713302612304688,0.17762184143066406,0.6201887130737305,0.04584789276123047,0.02704906463623047,0.06248903274536133,0.14149045944213867,0.1200554370880127,0.32361888885498047,0.024665509659997104,0.02092882131350009,0.05641528666089542,11.171134442090988,10.774994254112244,11.612633526325226,0.0,0.0,0.0,0.0,0.0,0.0,0.09169578552246094,0.05409812927246094,0.12497806549072266,0.08264446258544922,0.05071544647216797,0.10204315185546875
s1,hc,H-C,512,3,3,1.0,1,0,0.20851196221967716,0.20288296268511413,0.23191837459497472,0.0,0.0,0.0,1.0,1.0,1.0,0.0,0.0,0.0,0.0,0.0,0.0,0.7958564758300781,0.11137589812278748,1.3780269622802734,0.04784584045410156,0.046222686767578125,0.07500982284545898,0.42185115814208984,0.0787992924451828,0.7265183925628662,0.07353975566451385,0.013736789863223407,0.12665127034415458,11.408139377832413,10.352107524871826,12.653461396694183,0.0,0.0,0.0,0.0,0.0,0.0,0.09569168090820312,0.09244537353515625,0.15001964569091797,0.09237861633300781,0.07714080810546875,0.13149738311767578
s1,hc,H-C,2048,3,3,1.0,1,0,0.13080513413553788,0.08295979361473516,0.1927587856890033,0.0,0.0,0.0,1.0,1.0,1.0,0.0,0.0,0.0,0.0,0.0,0.0,7.059207439422607,2.476250648498535,9.249547004699707,0.12328815460205078,0.12042474746704102,0.24093914031982422,3.591247797012329,1.298337697982788,4.745243072509766,0.6260489758666374,0.2263344197043114,0.8272207137180726,14.118414878845215,13.297243475914001,18.60972285270691,0.0,0.0,0.0,0.0,0.0,0.0,0.24657630920410156,0.24084949493408203,0.48187828063964844,0.20843124389648438,0.19585323333740234,0.43764305114746094
t2,rnn,RNN,0,3,0,0.0,2,1,1.1614208362138276,0.8272489041975621,1.5372518283124625,0.0,0.0,0.0,2.0,2.0,6.0,0.0,0.0,0.0,1.0,1.0,5.0,0.7623858451843262,0.6813055276870728,1.5214803814888,0.5855257511138916,0.5855257511138916,0.5855257511138916,0.6739557981491089,0.6334156394004822,1.0535030663013458,1.151026742832386,1.0817895510069129,1.799242927056896,1.1139417886734009,1.1110751628875732,3.0429607629776,0.8711377382278442,0.6688436269760132,0.9710463285446167,0.4787559509277344,0.32220637798309326,0.8836946487426758,0.13038182258605957,0.07699108123779297,0.3341503143310547,0.10693132877349854,0.07221746444702148,0.3152322769165039
t2,rnn,RNN,128,3,0,0.0,2,1,1.347087307640149,0.6830341613557056,1.3783978880376822,0.0,0.0,0.0,3.0,2.0,3.0,0.0,0.0,0.0,2.0,1.0,2.0,0.7989005148410797,0.6647342443466187,2.430661916732788,0.5855257511138916,0.5855257511138916,0.5855257511138916,0.6922131329774857,0.6251299977302551,1.5080938339233398,1.1822078391268604,1.067638778552474,2.575623413751444,1.2752717733383179,0.7919784784317017,4.861323833465576,0.7624017000198364,0.7243499755859375,0.8282158374786377,0.6627669334411621,0.4920438528060913,0.6743998527526855,0.2618093490600586,0.22843027114868164,0.35776805877685547,0.19742894172668457,0.16553354263305664,0.3064565658569336
t2,rnn,RNN,512,3,0,0.0,2,1,1.3164512985611674,0.6752705795115805,1.6283786834026461,0.0,0.0,0.0,1.0,1.0,4.0,0.0,0.0,0.0,2.0,2.0,3.0,0.6743139624595642,0.6624730825424194,1.088536262512207,0.5855257511138916,0.5855257511138916,0.5855257511138916,0.6299198567867279,0.6239994168281555,0.8370310068130493,1.0758192198863703,1.0657078969474398,1.429537480154715,1.1072219610214233,0.8895421028137207,2.177072525024414,0.5616476535797119,0.4049644470214844,1.2219429016113281,0.4133918285369873,0.39565205574035645,0.930018424987793,0.22421884536743164,0.17216801643371582,0.2621173858642578,0.079498291015625,0.05919468402862549,0.1661677360534668
t2,rnn,RNN,2048,3,0,0.0,2,1,0.5971376170300382,0.4216309498697628,0.7628882134325045,0.0,0.0,0.0,4.0,2.0,4.0,0.0,0.0,2.0,3.0,1.0,3.0,1.6423195600509644,0.6462281942367554,1.9511459469795227,0.5855257511138916,0.5774815082550049,0.5855257511138916,1.113922655582428,0.6118548512458801,1.2683358490467072,1.9024315386015482,1.0449665963997323,2.1661487076082517,3.2846391201019287,1.142906129360199,3.9022918939590454,0.9322545528411865,0.6959333419799805,2.2473578453063965,0.8566256761550903,0.3276233673095703,1.9719290733337402,0.14985990524291992,0.1414794921875,0.8590335845947266,0.14871931076049805,0.13823986053466797,0.6754574775695801
t2,gru,GRU,0,3,2,0.6666666666666666,2,1,1.6951283654251186,1.6896151689337993,1.7061668078796774,0.0,0.0,0.0,2.0,2.0,3.0,1.0,1.0,1.0,0.0,0.0,1.0,0.1251842975616455,0.10897183418273926,0.15736377239227295,0.07558679580688477,0.06626236438751221,0.16495203971862793,0.09572333097457886,0.09227931499481201,0.16115790605545044,0.16348270044908675,0.15760077984488613,0.2752362398218475,1.5800243020057678,1.5741591453552246,1.5968010425567627,1.5117872953414917,1.4296324253082275,1.5720763802528381,0.42282432317733765,0.39256083965301514,0.5937809348106384,1.1378355026245117,0.9843142032623291,1.1687957048416138,0.13252472877502441,0.12491559982299805,0.15181636810302734
t2,gru,GRU,128,3,2,0.6666666666666666,2,1,1.7151889063373589,1.6976274422285036,1.7199564744378883,0.0,0.0,0.0,2.0,2.0,3.0,1.0,1.0,1.0,0.0,0.0,1.0,0.17531335353851318,0.13064467906951904,0.26077795028686523,0.1449195146560669,0.06432938575744629,0.285007119178772,0.16011643409729004,0.09748703241348267,0.2728925347328186,0.27345754442513925,0.1664948676091964,0.46606410429203793,1.6208648681640625,1.5821208357810974,1.6645958423614502,1.5488963723182678,1.5184646248817444,1.561187982559204,0.49538588523864746,0.4751860499382019,0.594013512134552,1.067327618598938,0.9489229917526245,1.0946301221847534,0.1313939094543457,0.12865877151489258,0.1479017734527588
t2,gru,GRU,512,3,0,0.0,2,1,1.5729461568300167,1.414579627322484,1.5785197884965791,0.0,0.0,0.0,4.0,4.0,5.0,1.0,0.0,1.0,2.0,2.0,4.0,0.49966397881507874,0.3680322766304016,0.5954990386962891,0.5855257511138916,0.5855257511138916,0.5855257511138916,0.5425948649644852,0.4767790138721466,0.5905123949050903,0.9266797641816169,0.8142750561612917,1.0085165234521491,1.7681629657745361,1.7116632461547852,1.7810134887695312,1.5903713703155518,1.5044714212417603,1.6874498128890991,0.9993279576301575,0.7360645532608032,1.165114402770996,0.6139371395111084,0.42592358589172363,0.79994797706604,0.19574308395385742,0.1593186855316162,0.2164623737335205
t2,gru,GRU,2048,3,0,0.0,2,1,0.6990509104795886,0.4708776445701217,0.9611075208772782,0.0,0.0,0.0,5.0,4.0,8.0,1.0,0.0,1.0,3.0,3.0,6.0,1.3573005199432373,1.2150508761405945,1.6259753704071045,0.5855257511138916,0.5855257511138916,0.8224520683288574,0.9714131355285645,0.900288313627243,1.224213719367981,1.6590442583960978,1.5375725353061824,2.0907939864968585,2.7146010398864746,2.430101752281189,3.251950740814209,2.0003576278686523,1.9062163829803467,2.247795343399048,1.8461236953735352,0.6794939041137695,1.8626813888549805,0.8066596984863281,0.5672664642333984,1.6449041366577148,0.28177928924560547,0.11003637313842773,0.5103144645690918
t2,lstm,LSTM,0,3,3,1.0,2,1,1.571780470911851,1.5500550874056234,1.6062443766335979,0.0,0.0,0.0,2.0,2.0,2.0,1.0,1.0,1.0,0.0,0.0,0.0,0.1570364236831665,0.13086509704589844,0.19193807244300842,0.10228419303894043,0.05501151084899902,0.16568660736083984,0.12966030836105347,0.09293830394744873,0.17881233990192413,0.22144253794882715,0.15872624520893386,0.3053876615362439,1.5042595863342285,1.4492058157920837,1.5325945615768433,1.445163071155548,1.4442369937896729,1.4506118893623352,0.4726996421813965,0.47141051292419434,0.5348125696182251,1.0382208824157715,0.933110237121582,1.0676020383834839,0.11341047286987305,0.11002302169799805,0.14175963401794434
t2,lstm,LSTM,128,3,2,0.6666666666666666,2,1,1.553593129267921,1.5230845532762411,1.5702884483100625,0.0,0.0,0.0,2.0,2.0,3.0,1.0,1.0,1.0,0.0,0.0,1.0,0.276109516620636,0.16290497779846191,0.28034842014312744,0.29100072383880615,0.24291718006134033,0.30175960063934326,0.2856745719909668,0.20291107892990112,0.2889345586299896,0.48789412156084616,0.3465450982196555,0.4934617445608955,1.4899689555168152,1.481945514678955,1.5766328573226929,1.4031787514686584,1.3971059322357178,1.5759838819503784,0.5614978671073914,0.47823458909988403,0.7529515027999878,0.9484034776687622,0.8594528436660767,0.9666100740432739,0.12359952926635742,0.10528063774108887,0.12595343589782715
t2,lstm,LSTM,512,3,0,0.0,2,1,1.3109607075771679,1.2691580828775786,1.3622426454956558,0.0,0.0,0.0,6.0,5.0,6.0,0.0,0.0,0.0,5.0,4.0,5.0,0.5488999485969543,0.5189064741134644,0.6330963373184204,0.5855257511138916,0.5855257511138916,0.5855257511138916,0.567212849855423,0.552216112613678,0.609311044216156,0.9687240036435109,0.943111573766233,1.0406221127884057,1.6734493970870972,1.6012517213821411,1.7014617919921875,1.5529497861862183,1.4480854272842407,1.645801603794098,1.0977998971939087,1.0378129482269287,1.1768312454223633,0.4570732116699219,0.24889016151428223,0.49472928047180176,0.1939530372619629,0.18239974975585938,0.2578620910644531
t2,lstm,LSTM,2048,3,0,0.0,2,1,0.30244956566041614,0.23142482430474498,0.6784283920340686,0.0,0.0,0.0,5.0,3.0,6.0,2.0,0.0,2.0,4.0,2.0,5.0,2.5226948261260986,0.9396069049835205,3.748124361038208,0.5855257511138916,0.5855257511138916,0.5855257511138916,1.5541102886199951,0.762566328048706,2.16682505607605,2.654213389698897,1.3023617263596285,3.7006486084581733,5.045389652252197,1.879213809967041,7.496248722076416,3.9080657958984375,1.7847282886505127,4.785669803619385,2.2619800567626953,1.1624033451080322,2.767491340637207,0.8788938522338867,0.3027224540710449,1.0249414443969727,0.6799726486206055,0.24568605422973633,0.873687744140625
t2,calru,CA-LRU,0,3,3,1.0,2,1,0.973099640261924,0.9231956796210192,1.0222866544731934,0.0,0.0,0.0,2.0,2.0,2.0,1.0,1.0,1.0,0.0,0.0,0.0,0.10717415809631348,0.10135436058044434,0.12683475017547607,0.06536400318145752,0.05371975898742676,0.06823289394378662,0.08335918188095093,0.08044695854187012,0.09753382205963135,0.14236638050908984,0.13739269090869113,0.16657477809316687,1.527442455291748,1.5241084098815918,1.5804312825202942,1.4984684586524963,1.4664933681488037,1.5196978449821472,0.4502013325691223,0.3725087642669678,0.4874710440635681,1.1405580043792725,1.1059434413909912,1.1609277725219727,0.13072800636291504,0.1029202938079834,0.13646578788757324
t2,calru,CA-LRU,128,3,3,1.0,2,1,0.9725324479566344,0.9226336470012582,1.0213946239480278,0.0,0.0,0.0,2.0,2.0,2.0,1.0,1.0,1.0,0.0,0.0,0.0,0.10569643974304199,0.10098063945770264,0.12665802240371704,0.06407225131988525,0.053733110427856445,0.06807291507720947,0.08252644538879395,0.07971477508544922,0.09736546874046326,0.14094417748800528,0.1361422190805469,0.16628725304606548,1.5286933779716492,1.5225878953933716,1.5818579196929932,1.4988715648651123,1.4695057272911072,1.5214359164237976,0.4510939121246338,0.3748800754547119,0.48643946647644043,1.1424461603164673,1.1044398546218872,1.1641178131103516,0.1281445026397705,0.10240411758422852,0.13614583015441895
t2,calru,CA-LRU,512,3,3,1.0,2,1,0.9725324479566348,0.9226336470012582,1.0213946239480278,0.0,0.0,0.0,2.0,2.0,2.0,1.0,1.0,1.0,0.0,0.0,0.0,0.10569643974304199,0.10098063945770264,0.12665802240371704,0.06407225131988525,0.053733110427856445,0.06807291507720947,0.08252644538879395,0.07971477508544922,0.09736546874046326,0.14094417748800528,0.1361422190805469,0.16628725304606548,1.5286933779716492,1.5225878953933716,1.5818579196929932,1.4988715648651123,1.4695057272911072,1.5214359164237976,0.4510939121246338,0.3748800754547119,0.48643946647644043,1.1424461603164673,1.1044398546218872,1.1641178131103516,0.1281445026397705,0.10240411758422852,0.13614583015441895
t2,calru,CA-LRU,2048,3,3,1.0,2,1,0.9725324479566348,0.9226336470012582,1.0213946239480278,0.0,0.0,0.0,2.0,2.0,2.0,1.0,1.0,1.0,0.0,0.0,0.0,0.10569643974304199,0.10098063945770264,0.12665802240371704,0.06407225131988525,0.053733110427856445,0.06807291507720947,0.08252644538879395,0.07971477508544922,0.09736546874046326,0.14094417748800528,0.1361422190805469,0.16628725304606548,1.5286933779716492,1.5225878953933716,1.5818579196929932,1.4988715648651123,1.4695057272911072,1.5214359164237976,0.4510939121246338,0.3748800754547119,0.48643946647644043,1.1424461603164673,1.1044398546218872,1.1641178131103516,0.1281445026397705,0.10240411758422852,0.13614583015441895
t2,hc,H-C,0,3,3,1.0,2,1,1.2473720156017865,1.1464372462709633,1.2575866667907816,0.0,0.0,0.0,2.0,2.0,2.0,1.0,1.0,1.0,0.0,0.0,0.0,0.10572797060012817,0.09050410985946655,0.1126093864440918,0.07636141777038574,0.057822585105895996,0.08852410316467285,0.08343276381492615,0.08177527785301208,0.10056674480438232,0.14249204865235296,0.139661283380696,0.17175460620317093,1.5370805859565735,1.4977144598960876,1.5651282668113708,1.5328404903411865,1.4872670769691467,1.546814501285553,0.45948314666748047,0.42970532178878784,0.4956868886947632,1.1092565059661865,1.0724574327468872,1.1706857681274414,0.12636351585388184,0.11684155464172363,0.13379573822021484
t2,hc,H-C,128,3,3,1.0,2,1,1.266731615214302,1.1702220517027913,1.2961784684425723,0.0,0.0,0.0,2.0,2.0,2.0,1.0,1.0,1.0,0.0,0.0,0.0,0.11908888816833496,0.11519491672515869,0.1242908239364624,0.09541904926300049,0.052106380462646484,0.10146152973175049,0.10725396871566772,0.08819860219955444,0.10832822322845459,0.18317549400966582,0.15063146587791795,0.1850101776435508,1.5344993472099304,1.4750586152076721,1.5413763523101807,1.4633956551551819,1.4632747769355774,1.4876168966293335,0.4790305495262146,0.428646981716156,0.4818360209465027,1.0497955083847046,1.0436359643936157,1.144205093383789,0.12454724311828613,0.09852981567382812,0.13747954368591309
t2,hc,H-C,512,3,1,0.3333333333333333,2,1,1.2774443122745027,1.1616785414851645,1.3717616237593868,0.0,0.0,0.0,3.0,2.0,3.0,1.0,1.0,1.0,1.0,0.0,1.0,0.23741111159324646,0.21299594640731812,0.3311792016029358,0.4515024423599243,0.241754412651062,0.4721536636352539,0.3444567769765854,0.22737517952919006,0.40166643261909485,0.5882862988029104,0.38832652380640204,0.6859927712060029,1.4480085372924805,1.3454748392105103,1.463356077671051,1.3194902539253235,1.127118170261383,1.3942606449127197,0.6305927634239197,0.5214023590087891,0.6623584032058716,0.6970932483673096,0.6930109262466431,0.9545503854751587,0.1651003360748291,0.12141823768615723,0.1779336929321289
t2,hc,H-C,2048,3,0,0.0,2,1,1.1916432265644463,1.0784155113175387,1.4051307837686577,0.0,0.0,0.0,5.0,0.0,7.0,0.0,0.0,0.0,4.0,3.0,6.0,0.5458389520645142,0.5250381827354431,0.7989005148410797,0.5855257511138916,0.5855257511138916,0.5855257511138916,0.5656823515892029,0.5552819669246674,0.6922131329774857,0.9661101164433177,0.948347644605401,1.1822078391268604,1.207509160041809,0.5126508474349976,1.3533328771591187,0.9179315567016602,0.4179840087890625,1.0916779041290283,0.8483316898345947,0.3846864700317383,0.8618894815444946,0.2520468235015869,0.17413902282714844,0.31255340576171875,0.2383260726928711,0.14660310745239258,0.2782018184661865
s2,rnn,RNN,0,3,0,0.0,0,1,0.24458310703380498,0.0256273395464244,0.25357524008284593,0.0,0.0,0.0,0.0,0.0,0.0,0.0,0.0,0.0,1.0,1.0,1.0,0.31346607208251953,0.31346607208251953,0.4145691394805908,1.3058854341506958,1.3058854341506958,1.3058854341506958,0.8096757531166077,0.8096757531166077,0.8602272868156433,0.6200205101783631,0.6200205101783631,0.6587310527551036,0.24777376651763916,0.0639508068561554,0.8291382789611816,0.1449655294418335,0.03631329536437988,0.6606650352478027,0.09980368614196777,0.010050490498542786,0.5406432151794434,0.0,0.0,0.0,0.0,0.0,0.0
s2,rnn,RNN,128,3,0,0.0,0,1,0.047756369584500975,4.651325313441331e-05,0.2853056548677094,0.0,0.0,0.0,0.0,0.0,1.0,0.0,0.0,0.0,1.0,1.0,2.0,0.31346607208251953,0.30029261112213135,4.0933685302734375,1.3058854341506958,1.3058854341506958,1.3058854341506958,0.8096757531166077,0.8030890226364136,2.6996269822120667,0.6200205101783631,0.6149766293692646,2.0672770456068483,0.4470081329345703,0.007673710584640503,8.186737060546875,0.003024578094482422,0.0,0.10823005437850952,0.0,0.0,0.08765196800231934,0.0,0.0,0.0,0.0,0.0,0.0
s2,rnn,RNN,512,3,0,0.0,0,1,7.216395301252517e-05,8.758555248067296e-07,0.15651875624943218,0.0,0.0,0.0,1.0,0.0,1.0,0.0,0.0,0.0,2.0,1.0,2.0,1.1012191772460938,0.31346607208251953,2870.703125,1.3058854341506958,1.3058854341506958,1.3058854341506958,1.2035523056983948,0.8096757531166077,1436.0045052170753,0.9216369784238729,0.6200205101783631,1099.6404949956461,2.2024383544921875,0.24104857444763184,5741.40625,0.20057451725006104,0.001241551712155342,0.6658744812011719,0.0011221952736377716,0.0,0.07626986503601074,0.0,0.0,0.052260518074035645,0.0,0.0,0.04344367980957031
s2,rnn,RNN,2048,3,0,0.0,0,1,1.25007083374371e-06,8.678181039856381e-07,0.1595271612828561,0.0,0.0,0.0,1.0,0.0,2.0,0.0,0.0,0.0,2.0,1.0,3.0,2.6436805725097656,0.31346607208251953,165726.5,1.3058854341506958,1.3058854341506958,1.3058854341506958,1.9747830033302307,0.8096757531166077,82863.90294271708,1.5122176507118816,0.6200205101783631,63454.19037207424,5.287361145019531,0.2870379686355591,331453.0,0.21032023429870605,0.07404488325119019,4.63885498046875,0.06984996795654297,0.05591917037963867,0.3072471618652344,0.0,0.0,0.07256364822387695,0.0,0.0,0.06332337856292725
s2,gru,GRU,0,3,1,0.3333333333333333,0,1,0.06928927347467986,0.029762831432266677,1.3082310798173538,0.0,0.0,0.0,0.0,0.0,0.0,0.0,0.0,1.0,1.0,0.0,1.0,0.29997968673706055,0.226809561252594,0.5103150606155396,1.3058854341506958,0.564755916595459,1.3058854341506958,0.8029325604438782,0.3957827389240265,0.9081002473831177,0.6148568162612815,0.3030761570454535,0.6953904405662628,0.7272546291351318,0.3676872253417969,1.020630121231079,0.5656600594520569,0.22150862216949463,0.8372571468353271,0.5060808062553406,0.2195281982421875,0.7746055126190186,0.253110408782959,0.0,2.0384914875030518,0.0,0.0,0.0
s2,gru,GRU,128,3,1,0.3333333333333333,0,1,0.034891326441121084,0.011151586336372532,1.3535824626666721,0.0,0.0,0.0,0.0,0.0,0.0,0.0,0.0,1.0,1.0,0.0,1.0,0.5474928617477417,0.2527429461479187,0.637103259563446,1.3058854341506958,1.29107666015625,1.3058854341506958,0.9266891479492188,0.7793141901493073,0.964089959859848,0.7096251506564252,0.5967707195203897,0.7382653444533286,1.0949857234954834,0.22043108940124512,1.274206519126892,0.8736945986747742,0.20336508750915527,0.9725148677825928,0.6301305294036865,0.16918981075286865,0.8812315464019775,0.2246108055114746,0.0,1.62052321434021,0.019588708877563477,0.0,0.1880478858947754
s2,gru,GRU,512,3,1,0.3333333333333333,0,1,0.008547287588126163,0.004256108120026171,0.9700502351328167,0.0,0.0,0.0,0.0,0.0,2.0,0.0,0.0,1.0,1.0,0.0,3.0,0.5807647109031677,0.2527429461479187,0.7771927118301392,1.3058854341506958,1.3058854341506958,1.3058854341506958,0.9433250725269318,0.7793141901493073,1.0415390729904175,0.722364342121971,0.5967707195203897,0.7975730839419307,1.1615294218063354,0.43901383876800537,1.5543854236602783,1.1558811664581299,0.4131735563278198,1.5151400566101074,1.0787441730499268,0.3238065242767334,1.26350998878479,0.13132667541503906,0.0,1.3344440460205078,0.0,0.0,0.0
s2,gru,GRU,2048,3,0,0.0,0,1,0.0001653183027292965,0.00015740425163036047,0.24696714173201542,0.0,0.0,0.0,0.0,0.0,1.0,0.0,0.0,0.0,1.0,1.0,2.0,0.3151073455810547,0.31346607208251953,3.3004276752471924,1.3058854341506958,1.3058854341506958,1.3058854341506958,0.8104963898658752,0.8096757531166077,2.303156554698944,0.6206489242243481,0.6200205101783631,1.7636742814248787,0.6302146911621094,0.1655997335910797,6.600855350494385,0.21775293350219727,0.16551697254180908,1.192056655883789,0.10437816381454468,0.07770347595214844,0.8453025817871094,0.0,0.0,0.0,0.0,0.0,0.0
s2,lstm,LSTM,0,3,3,1.0,0,1,1.1988000910813534,1.1755775771848667,1.2098901584300827,0.0,0.0,0.0,0.0,0.0,0.0,1.0,1.0,1.0,0.0,0.0,0.0,0.11372089385986328,0.10129785537719727,0.12426972389221191,0.3115123510360718,0.20154762268066406,0.39170658588409424,0.21261662244796753,0.15142273902893066,0.2579881548881531,0.16281414654589993,0.11595407611496253,0.19755803085125911,0.6413911581039429,0.60448157787323,0.6979444622993469,0.5695182681083679,0.552006721496582,0.6000721454620361,0.49344635009765625,0.41608691215515137,0.5361874103546143,2.210647463798523,2.0554319620132446,2.2275230884552,0.0,0.0,0.0
s2,lstm,LSTM,128,3,3,1.0,0,1,1.1968528249724706,1.1930695416867403,1.244631978952536,0.0,0.0,0.0,0.0,0.0,0.0,1.0,1.0,1.0,0.0,0.0,0.0,0.28380489349365234,0.17482662200927734,0.34990406036376953,0.33025991916656494,0.27763354778289795,0.4970359802246094,0.28071922063827515,0.25254327058792114,0.42347002029418945,0.21496466175139287,0.1933885346934487,0.3242780792402361,0.6783544421195984,0.6593257784843445,0.8132227659225464,0.596419632434845,0.5338041186332703,0.6045050621032715,0.5137448906898499,0.47062504291534424,0.5695934295654297,2.2243300676345825,1.992177963256836,2.2611578702926636,0.0,0.0,0.0
s2,lstm,LSTM,512,3,0,0.0,0,1,0.952158764041958,0.8596455891939238,0.9660168494572836,0.0,0.0,0.0,1.0,1.0,1.0,1.0,0.0,1.0,1.0,1.0,2.0,0.8331509828567505,0.698995053768158,0.8625798225402832,1.3058854341506958,1.3058854341506958,1.3058854341506958,1.0695182085037231,1.0024402439594269,1.0842326283454895,0.8189984975208043,0.767632609832562,0.8302662699125962,1.666301965713501,1.397990107536316,1.7251596450805664,0.778510570526123,0.7644531726837158,0.92790687084198,0.6600141525268555,0.5473867654800415,0.667601466178894,1.3707151412963867,1.1286020278930664,1.4827232360839844,0.0,0.0,0.0504300594329834
s2,lstm,LSTM,2048,3,0,0.0,0,1,0.35486821767990295,0.09044437992503979,0.39827048289456635,0.0,0.0,0.0,1.0,1.0,2.0,0.0,0.0,0.0,2.0,2.0,3.0,2.4279098510742188,1.5476064682006836,5.298871994018555,1.3058854341506958,1.3058854341506958,1.3058854341506958,1.8668976426124573,1.4267459511756897,3.3023787140846252,1.4296029297750954,1.0925506279986938,2.5288425980739895,4.8558197021484375,3.095212936401367,10.59774398803711,0.7533221244812012,0.007866080850362778,1.7150073051452637,0.3271162509918213,0.003886070102453232,0.6732580661773682,0.1175384521484375,0.0277252197265625,0.2677116394042969,0.0,0.0,0.048270225524902344
s2,calru,CA-LRU,0,3,3,1.0,0,1,0.32332361767863593,0.3006478889915001,0.34952480810394126,0.0,0.0,0.0,0.0,0.0,0.0,1.0,1.0,1.0,0.0,0.0,0.0,0.12605279684066772,0.10223352909088135,0.23347735404968262,0.26900291442871094,0.2496488094329834,0.29383063316345215,0.19803208112716675,0.18785080313682556,0.2512401342391968,0.15164583044450616,0.14384937470337697,0.19239063984398827,0.5504918098449707,0.5498903393745422,0.7797526121139526,0.5294644832611084,0.5287209153175354,0.6633850932121277,0.49594175815582275,0.48679226636886597,0.5905276536941528,2.151168704032898,2.113174796104431,2.2266587018966675,0.0,0.0,0.011973857879638672
s2,calru,CA-LRU,128,3,3,1.0,0,1,0.32152157474866305,0.3000309165394844,0.3484789299005264,0.0,0.0,0.0,0.0,0.0,0.0,1.0,1.0,1.0,0.0,0.0,0.0,0.1267315149307251,0.10087132453918457,0.22899842262268066,0.2702920436859131,0.2576766014099121,0.29538559913635254,0.19812846183776855,0.1922040581703186,0.24964523315429688,0.15171963531902374,0.1471829405121757,0.19116932207506993,0.5474478602409363,0.5463137030601501,0.7790765762329102,0.5318472385406494,0.5299237370491028,0.6555936932563782,0.4993741512298584,0.48518985509872437,0.5924997329711914,2.152172088623047,2.1152994632720947,2.2236597537994385,0.0,0.0,0.0
s2,calru,CA-LRU,512,3,3,1.0,0,1,0.32152157474865994,0.300030916539484,0.3484789299005264,0.0,0.0,0.0,0.0,0.0,0.0,1.0,1.0,1.0,0.0,0.0,0.0,0.1267315149307251,0.10087132453918457,0.22899842262268066,0.2702920436859131,0.2576766014099121,0.29538559913635254,0.19812846183776855,0.1922040581703186,0.24964523315429688,0.15171963531902374,0.1471829405121757,0.19116932207506993,0.5474478602409363,0.5463137030601501,0.7790765762329102,0.5318472385406494,0.5299237370491028,0.6555936932563782,0.4993741512298584,0.48518985509872437,0.5924997329711914,2.152172088623047,2.1152994632720947,2.2236597537994385,0.0,0.0,0.0
s2,calru,CA-LRU,2048,3,3,1.0,0,1,0.32152157474865994,0.300030916539484,0.3484789299005264,0.0,0.0,0.0,0.0,0.0,0.0,1.0,1.0,1.0,0.0,0.0,0.0,0.1267315149307251,0.10087132453918457,0.22899842262268066,0.2702920436859131,0.2576766014099121,0.29538559913635254,0.19812846183776855,0.1922040581703186,0.24964523315429688,0.15171963531902374,0.1471829405121757,0.19116932207506993,0.5474478602409363,0.5463137030601501,0.7790765762329102,0.5318472385406494,0.5299237370491028,0.6555936932563782,0.4993741512298584,0.48518985509872437,0.5924997329711914,2.152172088623047,2.1152994632720947,2.2236597537994385,0.0,0.0,0.0
s2,hc,H-C,0,3,3,1.0,0,1,0.9598220413291432,0.9363363034709842,1.0341943247304746,0.0,0.0,0.0,0.0,0.0,0.0,1.0,1.0,1.0,0.0,0.0,0.0,0.2026609182357788,0.1502746343612671,0.21534454822540283,0.23088645935058594,0.20933008193969727,0.28047406673431396,0.21233731508255005,0.1905805468559265,0.2415674924850464,0.16260026303199188,0.14593971406065473,0.18498367940075372,0.7250694632530212,0.6916791200637817,0.7935431003570557,0.5699719190597534,0.518101692199707,0.6949843168258667,0.4955216646194458,0.43719804286956787,0.6752283573150635,2.4034193754196167,2.3272545337677,2.6284737586975098,0.0,0.0,0.014094233512878418
s2,hc,H-C,128,3,3,1.0,0,1,1.014655623838955,0.9872830798581564,1.0717384346422962,0.0,0.0,0.0,0.0,0.0,0.0,1.0,1.0,1.0,0.0,0.0,0.0,0.20749926567077637,0.13187789916992188,0.4438415765762329,0.6671066284179688,0.6645684242248535,0.6832008361816406,0.4453500509262085,0.3982231616973877,0.5554741024971008,0.3410330181191195,0.3049449448499123,0.4253620478264715,0.7195176482200623,0.6321266293525696,0.8998339772224426,0.5680066347122192,0.5310924649238586,0.6748759746551514,0.5442453026771545,0.5058202743530273,0.67014080286026,1.9985568523406982,1.8856582641601562,2.1120316982269287,0.0,0.0,0.0
s2,hc,H-C,512,3,1,0.3333333333333333,0,1,0.9823859167461377,0.8147215029560184,1.0095109887825024,0.0,0.0,0.0,1.0,0.0,2.0,0.0,0.0,1.0,2.0,0.0,3.0,1.011924684047699,0.5429152846336365,1.0319755673408508,1.3058854341506958,0.8283681869506836,1.3058854341506958,1.1589050590991974,0.68564173579216,1.1689305007457733,0.8874477261115256,0.5250397300266072,0.8951248479971037,2.023849368095398,1.085830569267273,2.0639511346817017,1.19535231590271,1.0625298619270325,1.3687949180603027,0.6366243362426758,0.6229848861694336,0.9034872055053711,1.0632920265197754,1.013207197189331,1.8331105709075928,0.028319358825683594,0.0,0.10995864868164062
s2,hc,H-C,2048,3,0,0.0,0,1,0.16497912316002714,0.061051884728177595,0.3552190502340705,0.0,0.0,0.0,3.0,2.0,4.0,0.0,0.0,1.0,4.0,2.0,5.0,1.8731040954589844,1.3164901733398438,6.840612411499023,1.3058854341506958,1.3058854341506958,3.0025672912597656,1.58949476480484,1.3111878037452698,4.9215898513793945,1.2171778038389671,1.0040603635325962,3.768776128956697,3.7462081909179688,2.6329803466796875,13.681224822998047,2.7419357299804688,2.4676995277404785,3.304828643798828,1.7193474769592285,0.0,2.3973312377929688,0.4819936752319336,0.2836284637451172,6.005134582519531,0.0,0.0,0.6251449584960938
