job_id,topology,seed,followup_reason,width,learning_rate,initial_retention,initial_write_gain,recurrent_gain,id_intrinsic_rad,blank512_rad,blank2048_rad,checkpoint,candidate_index,normalized_fixedness,tangent_gain,normal_gain,tangent_normal_gap,normal_recovery_h512,normal_same_memory_h512,tangent_memory_shift_h512,blank2048_decoded_rad,blank2048_global_scale,blank2048_scaling_residual,blank2048_shape_distortion,dynamics_json
pretrain__split_rnn_rp__s1__10k_best_gap_v3_w128_lr0p003_lam0p9_gam0p5_rg0p9__seed10,s1,10,best_gap,128,0.003,0.9,0.5,0.9,0.04022593051195145,0.34856173396110535,0.5916845798492432,/home/biadmin/ca_rnn/experiments/static_gate_split_gap_followup_v3/pretrain__split_rnn_rp__s1__10k_best_gap_v3_w128_lr0p003_lam0p9_gam0p5_rg0p9__seed10/checkpoint.pt,0,0.25401583313941956,0.9342980980873108,1.0420656204223633,-0.10776752233505249,0.09895937144756317,0.1589166820049286,0.020952602848410606,0.541123628616333,0.7905600666999817,0.6609771847724915,2.9654557704925537,/home/biadmin/ca_rnn/experiments/static_gate_split_gap_followup_dynamics_v3/candidate_00__s1/dynamics.json
pretrain__split_rnn_rp__s1__10k_best_normal_v3_w96_lr0p003_lam0p65_gam0p5_rg0p3__seed10,s1,10,best_normal,96,0.003,0.65,0.5,0.3,0.061281733214855194,0.29866307973861694,0.8293672800064087,/home/biadmin/ca_rnn/experiments/static_gate_split_gap_followup_v3/pretrain__split_rnn_rp__s1__10k_best_normal_v3_w96_lr0p003_lam0p65_gam0p5_rg0p3__seed10/checkpoint.pt,1,0.8619130849838257,0.4959118068218231,0.9989364743232727,-0.503024697303772,0.31258994340896606,0.09084884822368622,0.019013285636901855,0.8530296087265015,0.5065972805023193,0.818165123462677,1.085039496421814,/home/biadmin/ca_rnn/experiments/static_gate_split_gap_followup_dynamics_v3/candidate_01__s1/dynamics.json
pretrain__split_rnn_rp__s1__10k_best_performance_v3_w80_lr0p001_lam0p8_gam0p5_rg0p5__seed10,s1,10,best_performance,80,0.001,0.8,0.5,0.5,0.019297070801258087,0.12275802344083786,0.41269734501838684,/home/biadmin/ca_rnn/experiments/static_gate_split_gap_followup_v3/pretrain__split_rnn_rp__s1__10k_best_performance_v3_w80_lr0p001_lam0p8_gam0p5_rg0p5__seed10/checkpoint.pt,2,0.7497784495353699,0.7381582856178284,1.0174652338027954,-0.27930694818496704,0.12699854373931885,0.12461113929748535,0.0035790205001831055,0.3865792453289032,0.4906785786151886,0.589524507522583,0.8301613926887512,/home/biadmin/ca_rnn/experiments/static_gate_split_gap_followup_dynamics_v3/candidate_02__s1/dynamics.json
pretrain__split_rnn_rp__s2__10k_best_gap_v3_w128_lr0p0005_lam0p95_gam0p2_rg0p9__seed10,s2,10,best_gap,128,0.0005,0.95,0.2,0.9,0.15375223755836487,0.5757637619972229,0.9253721237182617,/home/biadmin/ca_rnn/experiments/static_gate_split_gap_followup_v3/pretrain__split_rnn_rp__s2__10k_best_gap_v3_w128_lr0p0005_lam0p95_gam0p2_rg0p9__seed10/checkpoint.pt,3,0.11062376946210861,0.9445598125457764,1.0527100563049316,-0.10815024375915527,0.16665616631507874,1.2184951305389404,0.07788164168596268,0.9994206428527832,0.06794565171003342,0.5158156752586365,2.6741364002227783,/home/biadmin/ca_rnn/experiments/static_gate_split_gap_followup_dynamics_v3/candidate_03__s2/dynamics.json
pretrain__split_rnn_rp__s2__10k_best_normal_v3_w96_lr0p0005_lam0p95_gam0p5_rg0p3__seed10,s2,10,best_normal,96,0.0005,0.95,0.5,0.3,0.18587729334831238,0.5905930995941162,1.065651535987854,/home/biadmin/ca_rnn/experiments/static_gate_split_gap_followup_v3/pretrain__split_rnn_rp__s2__10k_best_normal_v3_w96_lr0p0005_lam0p95_gam0p5_rg0p3__seed10/checkpoint.pt,4,0.13553696870803833,0.9385738372802734,1.035378336906433,-0.09680449962615967,0.17027714848518372,1.1863903999328613,0.04988342151045799,1.0748913288116455,0.03168172389268875,0.25969526171684265,1.2583407163619995,/home/biadmin/ca_rnn/experiments/static_gate_split_gap_followup_dynamics_v3/candidate_04__s2/dynamics.json
pretrain__split_rnn_rp__s2__10k_best_performance_v3_w160_lr0p003_lam0p9_gam0p2_rg0p5__seed10,s2,10,best_performance,160,0.003,0.9,0.2,0.5,0.09544514119625092,0.48092901706695557,1.235731601715088,/home/biadmin/ca_rnn/experiments/static_gate_split_gap_followup_v3/pretrain__split_rnn_rp__s2__10k_best_performance_v3_w160_lr0p003_lam0p9_gam0p2_rg0p5__seed10/checkpoint.pt,5,0.365606427192688,0.8111370205879211,1.045039415359497,-0.23390239477157593,0.6317110061645508,0.508525013923645,0.10682417452335358,1.3341902494430542,0.14210692048072815,0.9099829196929932,1.1275203227996826,/home/biadmin/ca_rnn/experiments/static_gate_split_gap_followup_dynamics_v3/candidate_05__s2/dynamics.json
pretrain__split_rnn_rp__t2__10k_best_gap_v3_w96_lr0p003_lam0p65_gam0p5_rg0p9__seed10,t2,10,best_gap,96,0.003,0.65,0.5,0.9,0.09325391054153442,0.8393118381500244,1.7730977535247803,/home/biadmin/ca_rnn/experiments/static_gate_split_gap_followup_v3/pretrain__split_rnn_rp__t2__10k_best_gap_v3_w96_lr0p003_lam0p65_gam0p5_rg0p9__seed10/checkpoint.pt,6,0.4106695353984833,0.8678736090660095,1.192562460899353,-0.3246888518333435,0.03791339322924614,0.014955133199691772,0.22768792510032654,1.7863210439682007,-0.10053723305463791,0.9573383331298828,1.1140484809875488,/home/biadmin/ca_rnn/experiments/static_gate_split_gap_followup_dynamics_v3/candidate_06__t2/dynamics.json
pretrain__split_rnn_rp__t2__10k_best_normal_v3_w128_lr0p003_lam0p65_gam0p5_rg0p5__seed10,t2,10,best_normal,128,0.003,0.65,0.5,0.5,0.054591841995716095,0.4322757124900818,0.872907817363739,/home/biadmin/ca_rnn/experiments/static_gate_split_gap_followup_v3/pretrain__split_rnn_rp__t2__10k_best_normal_v3_w128_lr0p003_lam0p65_gam0p5_rg0p5__seed10/checkpoint.pt,7,0.4031243920326233,0.8761796951293945,1.2473853826522827,-0.3712056875228882,0.04781104251742363,0.013190686702728271,0.16766521334648132,0.8243732452392578,0.5021274089813232,0.8314648866653442,1.872108817100525,/home/biadmin/ca_rnn/experiments/static_gate_split_gap_followup_dynamics_v3/candidate_07__t2/dynamics.json
pretrain__split_rnn_rp__t2__10k_best_performance_v3_w128_lr0p003_lam0p8_gam0p5_rg0p3__seed10,t2,10,best_performance,128,0.003,0.8,0.5,0.3,0.06055262312293053,0.4970758557319641,0.9437137842178345,/home/biadmin/ca_rnn/experiments/static_gate_split_gap_followup_v3/pretrain__split_rnn_rp__t2__10k_best_performance_v3_w128_lr0p003_lam0p8_gam0p5_rg0p3__seed10/checkpoint.pt,8,0.3224799335002899,0.8663832545280457,0.9795334339141846,-0.11315017938613892,0.38067612051963806,0.1019679456949234,0.0885833129286766,0.9081360101699829,0.4621811509132385,0.8267643451690674,1.348686933517456,/home/biadmin/ca_rnn/experiments/static_gate_split_gap_followup_dynamics_v3/candidate_08__t2/dynamics.json
