topology,model,model_label,condition_id,condition_axis,condition_value,condition_label,eligible_seed_count,finite_seed_count,error_median_radians,error_min_radians,error_max_radians,chance_ratio_median,id_error_ratio_median,status
s1,rnn,RNN,id_h128,id,128,ID T=128,1,1,0.11344023048877716,0.11344023048877716,0.11344023048877716,0.09076572252178422,1.0,alive
s1,gru,GRU,id_h128,id,128,ID T=128,3,3,0.04036383330821991,0.025235623121261597,0.051323242485523224,0.03229588372823247,1.0,alive
s1,lstm,LSTM,id_h128,id,128,ID T=128,3,3,0.03582649677991867,0.022951949387788773,0.036489468067884445,0.028665473012904376,1.0,alive
s1,calru,CA-LRU,id_h128,id,128,ID T=128,3,3,0.06592370569705963,0.012165084481239319,0.08009782433509827,0.05274683199360256,1.0,alive
t2,rnn,RNN,id_h128,id,128,ID T=128,0,0,,,,,,ineligible_id
t2,gru,GRU,id_h128,id,128,ID T=128,3,3,0.059081051498651505,0.05867348238825798,0.06395258754491806,0.04337027810885454,1.0,alive
t2,lstm,LSTM,id_h128,id,128,ID T=128,3,3,0.06776897609233856,0.05057091265916824,0.06792104244232178,0.049747918591870735,1.0,alive
t2,calru,CA-LRU,id_h128,id,128,ID T=128,3,3,0.0285229180008173,0.020814793184399605,0.048643868416547775,0.020938132527985466,1.0,alive
s2,rnn,RNN,id_h128,id,128,ID T=128,0,0,,,,,,ineligible_id
s2,gru,GRU,id_h128,id,128,ID T=128,0,0,,,,,,ineligible_id
s2,lstm,LSTM,id_h128,id,128,ID T=128,3,3,0.0755552425980568,0.059964798390865326,0.0784282386302948,0.0631573290369036,1.0,alive
s2,calru,CA-LRU,id_h128,id,128,ID T=128,1,1,0.10193680226802826,0.10193680226802826,0.10193680226802826,0.08520991979419866,1.0,alive
s1,rnn,RNN,length_h192,length,192,T=192,1,1,0.16525763273239136,0.16525763273239136,0.16525763273239136,0.1256289232941951,1.456781531740105,alive
s1,gru,GRU,length_h192,length,192,T=192,3,3,0.05701863020658493,0.034464411437511444,0.07577183097600937,0.04334558714248792,1.4126168288127716,alive
s1,lstm,LSTM,length_h192,length,192,T=192,3,3,0.048342861235141754,0.03161649778485298,0.05308753624558449,0.036750263848727815,1.3775081693790265,alive
s1,calru,CA-LRU,length_h192,length,192,T=192,3,3,0.07883093506097794,0.018747050315141678,0.09761044383049011,0.0599273106496832,1.2186403893085265,alive
t2,rnn,RNN,length_h192,length,192,T=192,0,0,,,,,,ineligible_id
t2,gru,GRU,length_h192,length,192,T=192,3,3,0.08011647313833237,0.0782521516084671,0.09261275827884674,0.0558562354066992,1.365463065719884,alive
t2,lstm,LSTM,length_h192,length,192,T=192,3,3,0.09010861814022064,0.06588379293680191,0.09407010674476624,0.06282263796513017,1.329644084004504,alive
t2,calru,CA-LRU,length_h192,length,192,T=192,3,3,0.03798007592558861,0.026368586346507072,0.062028948217630386,0.026479249255032096,1.2751647892487359,alive
s2,rnn,RNN,length_h192,length,192,T=192,0,0,,,,,,ineligible_id
s2,gru,GRU,length_h192,length,192,T=192,0,0,,,,,,ineligible_id
s2,lstm,LSTM,length_h192,length,192,T=192,3,3,0.10420769453048706,0.07822786271572113,0.10696535557508469,0.0815406484317167,1.3638627800799128,alive
s2,calru,CA-LRU,length_h192,length,192,T=192,1,1,0.14923833310604095,0.14923833310604095,0.14923833310604095,0.11677631394843828,1.4640280034843558,alive
s1,rnn,RNN,length_h256,length,256,T=256,1,1,0.22182700037956238,0.22182700037956238,0.22182700037956238,0.16485994938016932,1.9554526592883474,alive
s1,gru,GRU,length_h256,length,256,T=256,3,3,0.07301349937915802,0.04101170599460602,0.08953803032636642,0.054263014831922245,1.7445902867813246,alive
s1,lstm,LSTM,length_h256,length,256,T=256,3,3,0.05879075080156326,0.03998465836048126,0.07213500142097473,0.04369278845489381,1.742102933607656,alive
s1,calru,CA-LRU,length_h256,length,256,T=256,3,3,0.09157232940196991,0.0269114151597023,0.11635669320821762,0.06805578024316938,1.45268231907806,alive
t2,rnn,RNN,length_h256,length,256,T=256,0,0,,,,,,ineligible_id
t2,gru,GRU,length_h256,length,256,T=256,3,3,0.10178816318511963,0.09717829525470734,0.1171455979347229,0.06931322305703864,1.7348239620679131,alive
t2,lstm,LSTM,length_h256,length,256,T=256,3,3,0.11681030690670013,0.0780380442738533,0.11905858665704727,0.07954263643858417,1.7236545930329588,alive
t2,calru,CA-LRU,length_h256,length,256,T=256,3,3,0.04695455729961395,0.032095879316329956,0.08208681643009186,0.03197397027131371,1.6462045467531938,alive
s2,rnn,RNN,length_h256,length,256,T=256,0,0,,,,,,ineligible_id
s2,gru,GRU,length_h256,length,256,T=256,0,0,,,,,,ineligible_id
s2,lstm,LSTM,length_h256,length,256,T=256,3,3,0.1230972409248352,0.09550347924232483,0.12950082123279572,0.0920849848827935,1.6292349371399033,alive
s2,calru,CA-LRU,length_h256,length,256,T=256,1,1,0.2102920114994049,0.2102920114994049,0.2102920114994049,0.15731251614095315,2.0629645704058097,alive
s1,rnn,RNN,length_h384,length,384,T=384,1,1,0.3441990911960602,0.3441990911960602,0.3441990911960602,0.2460106099724505,3.0341889267415794,alive
s1,gru,GRU,length_h384,length,384,T=384,3,3,0.09788709133863449,0.0563160739839077,0.13102510571479797,0.0699631802192338,2.425118808492855,alive
s1,lstm,LSTM,length_h384,length,384,T=384,3,3,0.08989782631397247,0.05699813365936279,0.10760851204395294,0.06425298512511274,2.509255282932426,alive
s1,calru,CA-LRU,length_h384,length,384,T=384,3,3,0.1340782642364502,0.041899003088474274,0.14542829990386963,0.0958302227185952,2.0338399187172884,alive
t2,rnn,RNN,length_h384,length,384,T=384,0,0,,,,,,ineligible_id
t2,gru,GRU,length_h384,length,384,T=384,3,3,0.139803946018219,0.13313759863376617,0.16273513436317444,0.09145838932046967,2.3827449867914647,alive
t2,lstm,LSTM,length_h384,length,384,T=384,3,3,0.15486077964305878,0.10505834966897964,0.16499602794647217,0.1013084242502039,2.2851279239050823,alive
t2,calru,CA-LRU,length_h384,length,384,T=384,3,3,0.06321683526039124,0.04400494694709778,0.13072305917739868,0.041355842202761534,2.2163523121505246,alive
s2,rnn,RNN,length_h384,length,384,T=384,0,0,,,,,,ineligible_id
s2,gru,GRU,length_h384,length,384,T=384,0,0,,,,,,ineligible_id
s2,lstm,LSTM,length_h384,length,384,T=384,3,3,0.15865033864974976,0.12732410430908203,0.1647823452949524,0.11325193172524226,2.1010588554936795,alive
s2,calru,CA-LRU,length_h384,length,384,T=384,1,1,0.3520174026489258,0.3520174026489258,0.3520174026489258,0.25128626380625846,3.4532906155261407,alive
s1,rnn,RNN,length_h512,length,512,T=512,1,1,0.4408576488494873,0.4408576488494873,0.4408576488494873,0.3072123224457483,3.8862548758053,alive
s1,gru,GRU,length_h512,length,512,T=512,3,3,0.12543216347694397,0.06923385709524155,0.1623246967792511,0.08740759370220812,3.1075384371731682,alive
s1,lstm,LSTM,length_h512,length,512,T=512,3,3,0.12002173066139221,0.07258842885494232,0.14220935106277466,0.0836373253740072,3.350082800411184,alive
s1,calru,CA-LRU,length_h512,length,512,T=512,3,3,0.1486538201570511,0.06018052250146866,0.15188176929950714,0.10358964044303519,2.2549372579290767,alive
t2,rnn,RNN,length_h512,length,512,T=512,0,0,,,,,,ineligible_id
t2,gru,GRU,length_h512,length,512,T=512,3,3,0.1858484148979187,0.15936556458473206,0.20743995904922485,0.11908602832259452,3.1675027172941688,alive
t2,lstm,LSTM,length_h512,length,512,T=512,3,3,0.2005683034658432,0.1243172213435173,0.21455678343772888,0.12851808652910723,2.959588812328506,alive
t2,calru,CA-LRU,length_h512,length,512,T=512,3,3,0.07275934517383575,0.05872081220149994,0.19166608154773712,0.04662198192469959,2.8211095676660563,alive
s2,rnn,RNN,length_h512,length,512,T=512,0,0,,,,,,ineligible_id
s2,gru,GRU,length_h512,length,512,T=512,0,0,,,,,,ineligible_id
s2,lstm,LSTM,length_h512,length,512,T=512,3,3,0.18933424353599548,0.1563042849302292,0.20077034831047058,0.13208919220251233,2.5599242290380624,alive
s2,calru,CA-LRU,length_h512,length,512,T=512,1,1,0.5064019560813904,0.5064019560813904,0.5064019560813904,0.3532917451134299,4.967803038885591,transition
s1,rnn,RNN,length_h768,length,768,T=768,1,1,0.6726016998291016,0.6726016998291016,0.6726016998291016,0.457825647230809,5.929128466427466,transition
s1,gru,GRU,length_h768,length,768,T=768,3,3,0.1729036569595337,0.09476522356271744,0.23737585544586182,0.11769183556358188,4.283628257981203,transition
s1,lstm,LSTM,length_h768,length,768,T=768,3,3,0.1625046581029892,0.10375963896512985,0.21021287143230438,0.1106134585935867,4.535879103705046,transition
s1,calru,CA-LRU,length_h768,length,768,T=768,3,3,0.19156089425086975,0.0935048758983612,0.2222931832075119,0.1303914194935884,3.371976451521395,alive
t2,rnn,RNN,length_h768,length,768,T=768,0,0,,,,,,ineligible_id
t2,gru,GRU,length_h768,length,768,T=768,3,3,0.259620726108551,0.21428963541984558,0.28895723819732666,0.1624807218618265,4.4248392210738725,transition
t2,lstm,LSTM,length_h768,length,768,T=768,3,3,0.27195554971694946,0.16741883754730225,0.3101871609687805,0.1702003329805971,4.012980059583557,transition
t2,calru,CA-LRU,length_h768,length,768,T=768,3,3,0.0906641036272049,0.08845303952693939,0.2993084192276001,0.056741113181173315,4.249527667333909,transition
s2,rnn,RNN,length_h768,length,768,T=768,0,0,,,,,,ineligible_id
s2,gru,GRU,length_h768,length,768,T=768,0,0,,,,,,ineligible_id
s2,lstm,LSTM,length_h768,length,768,T=768,3,3,0.2390812635421753,0.21104925870895386,0.26182442903518677,0.161899863016806,3.3383948639903633,alive
s2,calru,CA-LRU,length_h768,length,768,T=768,1,1,0.8428724408149719,0.8428724408149719,0.8428724408149719,0.5707721746439256,8.268578394275693,severely_degraded
s1,rnn,RNN,length_h1024,length,1024,T=1024,1,1,0.8931747078895569,0.8931747078895569,0.8931747078895569,0.6017219504532374,7.873526914051186,transition
s1,gru,GRU,length_h1024,length,1024,T=1024,3,3,0.21133585274219513,0.10588878393173218,0.29034626483917236,0.14237463330461447,5.235772606839043,transition
s1,lstm,LSTM,length_h1024,length,1024,T=1024,3,3,0.19434189796447754,0.12846215069293976,0.27479347586631775,0.13092599338631222,5.597003919906082,transition
s1,calru,CA-LRU,length_h1024,length,1024,T=1024,3,3,0.2661153972148895,0.14320732653141022,0.29593682289123535,0.17927900828734783,4.0367178149507295,transition
t2,rnn,RNN,length_h1024,length,1024,T=1024,0,0,,,,,,ineligible_id
t2,gru,GRU,length_h1024,length,1024,T=1024,3,3,0.33119285106658936,0.2510043978691101,0.36909642815589905,0.2047323756424031,5.6446769065963815,transition
t2,lstm,LSTM,length_h1024,length,1024,T=1024,3,3,0.3404354453086853,0.2006334513425827,0.406097412109375,0.21044583917336152,5.023470398089316,transition
t2,calru,CA-LRU,length_h1024,length,1024,T=1024,3,3,0.13218219578266144,0.1055334061384201,0.38420435786247253,0.08171062531410878,6.35039678807523,transition
s2,rnn,RNN,length_h1024,length,1024,T=1024,0,0,,,,,,ineligible_id
s2,gru,GRU,length_h1024,length,1024,T=1024,0,0,,,,,,ineligible_id
s2,lstm,LSTM,length_h1024,length,1024,T=1024,3,3,0.28085118532180786,0.2410435974597931,0.30216118693351746,0.18658815596499861,3.852709077885633,alive
s2,calru,CA-LRU,length_h1024,length,1024,T=1024,1,1,1.0596299171447754,1.0596299171447754,1.0596299171447754,0.703982758765432,10.39496917274911,severely_degraded
s1,rnn,RNN,length_h1536,length,1536,T=1536,1,1,1.324638843536377,1.324638843536377,1.324638843536377,0.8752750625113428,11.676975953142353,chance_collapsed
s1,gru,GRU,length_h1536,length,1536,T=1536,3,3,0.2873688340187073,0.1391497254371643,0.42633476853370667,0.18988328432830553,7.1194634024064785,transition
s1,lstm,LSTM,length_h1536,length,1536,T=1536,3,3,0.27803391218185425,0.18044596910476685,0.4081083834171295,0.18371509415771006,7.861901664909139,transition
s1,calru,CA-LRU,length_h1536,length,1536,T=1536,3,3,0.39229685068130493,0.2551346719264984,0.5359736680984497,0.25921605136264647,6.691488471099333,transition
t2,rnn,RNN,length_h1536,length,1536,T=1536,0,0,,,,,,ineligible_id
t2,gru,GRU,length_h1536,length,1536,T=1536,3,3,0.46504873037338257,0.3150874376296997,0.5390363931655884,0.28332404924657273,7.926046170159663,transition
t2,lstm,LSTM,length_h1536,length,1536,T=1536,3,3,0.49723488092422485,0.2887688875198364,0.5872142314910889,0.3029329846293289,7.337205157810232,transition
t2,calru,CA-LRU,length_h1536,length,1536,T=1536,3,3,0.22803941369056702,0.149593323469162,0.565503716468811,0.1389296343691808,10.955641580022009,severely_degraded
s2,rnn,RNN,length_h1536,length,1536,T=1536,0,0,,,,,,ineligible_id
s2,gru,GRU,length_h1536,length,1536,T=1536,0,0,,,,,,ineligible_id
s2,lstm,LSTM,length_h1536,length,1536,T=1536,3,3,0.3548552989959717,0.2937741279602051,0.3802850544452667,0.23235248202371028,4.848828191053783,transition
s2,calru,CA-LRU,length_h1536,length,1536,T=1536,1,1,1.2481846809387207,1.2481846809387207,1.2481846809387207,0.8172875238460986,12.244691349614808,chance_collapsed
s1,rnn,RNN,length_h2048,length,2048,T=2048,1,1,1.7305076122283936,1.7305076122283936,1.7305076122283936,1.138808302191056,15.25479633435332,chance_collapsed
s1,gru,GRU,length_h2048,length,2048,T=2048,3,3,0.373025119304657,0.16263870894908905,0.532731294631958,0.24547947653516972,9.241568224113445,severely_degraded
s1,lstm,LSTM,length_h2048,length,2048,T=2048,3,3,0.34625178575515747,0.24277648329734802,0.5443357229232788,0.22786054535679803,10.577597536290902,severely_degraded
s1,calru,CA-LRU,length_h2048,length,2048,T=2048,3,3,0.48304325342178345,0.4173111319541931,0.7832270860671997,0.31787994656997987,9.778381529946195,severely_degraded
t2,rnn,RNN,length_h2048,length,2048,T=2048,0,0,,,,,,ineligible_id
t2,gru,GRU,length_h2048,length,2048,T=2048,3,3,0.6126634478569031,0.376359224319458,0.705901026725769,0.37201911651102754,10.441913841124116,severely_degraded
t2,lstm,LSTM,length_h2048,length,2048,T=2048,3,3,0.6475715637207031,0.3607523441314697,0.7646373510360718,0.3932158868882097,9.555575442638458,severely_degraded
t2,calru,CA-LRU,length_h2048,length,2048,T=2048,3,3,0.35560205578804016,0.20231224596500397,0.7080877423286438,0.21592729758324078,14.556567258696164,severely_degraded
s2,rnn,RNN,length_h2048,length,2048,T=2048,0,0,,,,,,ineligible_id
s2,gru,GRU,length_h2048,length,2048,T=2048,0,0,,,,,,ineligible_id
s2,lstm,LSTM,length_h2048,length,2048,T=2048,3,3,0.4156923294067383,0.34830039739608765,0.4479382038116455,0.26964213193494835,5.711440313267708,transition
s2,calru,CA-LRU,length_h2048,length,2048,T=2048,1,1,1.337770700454712,1.337770700454712,1.337770700454712,0.8677555927614155,13.123530174482372,chance_collapsed
s1,rnn,RNN,velocity_x0p5,velocity,0.5,0.5x,1,1,0.09174105525016785,0.09174105525016785,0.09174105525016785,0.08691895700831896,0.8087171090439907,alive
s1,gru,GRU,velocity_x0p5,velocity,0.5,0.5x,3,3,0.03984089568257332,0.01939612627029419,0.05139350891113281,0.037746776397584274,0.9870444013170548,alive
s1,lstm,LSTM,velocity_x0p5,velocity,0.5,0.5x,3,3,0.032712310552597046,0.02629617042839527,0.037459421902894974,0.03099288433962895,1.045578699279679,alive
s1,calru,CA-LRU,velocity_x0p5,velocity,0.5,0.5x,3,3,0.046102724969387054,0.00623882282525301,0.051105204969644547,0.04367947107926007,0.6380348704084666,alive
t2,rnn,RNN,velocity_x0p5,velocity,0.5,0.5x,0,0,,,,,,ineligible_id
t2,gru,GRU,velocity_x0p5,velocity,0.5,0.5x,3,3,0.0515836700797081,0.04764212667942047,0.06277959793806076,0.04403556217507485,0.8791649648194612,alive
t2,lstm,LSTM,velocity_x0p5,velocity,0.5,0.5x,3,3,0.06866072863340378,0.05290108546614647,0.06943708658218384,0.05861377796597647,1.0223206842143138,alive
t2,calru,CA-LRU,velocity_x0p5,velocity,0.5,0.5x,3,3,0.015977784991264343,0.011461382731795311,0.02622199058532715,0.013639796147028635,0.5506363974053539,alive
s2,rnn,RNN,velocity_x0p5,velocity,0.5,0.5x,0,0,,,,,,ineligible_id
s2,gru,GRU,velocity_x0p5,velocity,0.5,0.5x,0,0,,,,,,ineligible_id
s2,lstm,LSTM,velocity_x0p5,velocity,0.5,0.5x,3,3,0.07281920313835144,0.05496855080127716,0.07518467307090759,0.0659030291247723,0.9586428865924537,alive
s2,calru,CA-LRU,velocity_x0p5,velocity,0.5,0.5x,1,1,0.050742246210575104,0.050742246210575104,0.050742246210575104,0.0459228827802249,0.4977814202681738,alive
s1,rnn,RNN,velocity_x0p75,velocity,0.75,0.75x,1,1,0.10290274024009705,0.10290274024009705,0.10290274024009705,0.08772480344228167,0.9071097598860872,alive
s1,gru,GRU,velocity_x0p75,velocity,0.75,0.75x,3,3,0.04080599546432495,0.02000897005200386,0.048852868378162384,0.03478719733820732,0.951866367210574,alive
s1,lstm,LSTM,velocity_x0p75,velocity,0.75,0.75x,3,3,0.03316623717546463,0.024478279054164886,0.03435403108596802,0.028274287257551715,0.9589000927722301,alive
s1,calru,CA-LRU,velocity_x0p75,velocity,0.75,0.75x,3,3,0.05607946217060089,0.009937983937561512,0.06605853140354156,0.04780785997133126,0.8247231676003866,alive
t2,rnn,RNN,velocity_x0p75,velocity,0.75,0.75x,0,0,,,,,,ineligible_id
t2,gru,GRU,velocity_x0p75,velocity,0.75,0.75x,3,3,0.05196712166070938,0.051198575645685196,0.061617542058229446,0.04009422259489929,0.8857003120562909,alive
t2,lstm,LSTM,velocity_x0p75,velocity,0.75,0.75x,3,3,0.06585104018449783,0.04887612536549568,0.06844078004360199,0.05080609006019121,0.9716989097603091,alive
t2,calru,CA-LRU,velocity_x0p75,velocity,0.75,0.75x,3,3,0.02187306433916092,0.015286832116544247,0.03625427186489105,0.01687573762835377,0.7452999328597394,alive
s2,rnn,RNN,velocity_x0p75,velocity,0.75,0.75x,0,0,,,,,,ineligible_id
s2,gru,GRU,velocity_x0p75,velocity,0.75,0.75x,0,0,,,,,,ineligible_id
s2,lstm,LSTM,velocity_x0p75,velocity,0.75,0.75x,3,3,0.0699644684791565,0.05417308956384659,0.07341274619102478,0.059839670879235723,0.9260041536939743,alive
s2,calru,CA-LRU,velocity_x0p75,velocity,0.75,0.75x,1,1,0.07479365915060043,0.07479365915060043,0.07479365915060043,0.06397001284672128,0.7337257740726572,alive
s1,rnn,RNN,velocity_x1p25,velocity,1.25,1.25x,1,1,0.146089568734169,0.146089568734169,0.146089568734169,0.11420666649084292,1.2878109300793592,alive
s1,gru,GRU,velocity_x1p25,velocity,1.25,1.25x,3,3,0.05095304548740387,0.03602626547217369,0.06030264496803284,0.039832943057430154,1.2623440667372767,alive
s1,lstm,LSTM,velocity_x1p25,velocity,1.25,1.25x,3,3,0.04012313857674599,0.02711714431643486,0.04630447179079056,0.03136657836493796,1.181474560538292,alive
s1,calru,CA-LRU,velocity_x1p25,velocity,1.25,1.25x,3,3,0.0899556577205658,0.016967477276921272,0.09565871953964233,0.07032354116228007,1.3645418862516712,alive
t2,rnn,RNN,velocity_x1p25,velocity,1.25,1.25x,0,0,,,,,,ineligible_id
t2,gru,GRU,velocity_x1p25,velocity,1.25,1.25x,3,3,0.07414527237415314,0.07271797955036163,0.07985985279083252,0.05269649956138188,1.2487352874462156,alive
t2,lstm,LSTM,velocity_x1p25,velocity,1.25,1.25x,3,3,0.07054799795150757,0.05762437731027603,0.07815180718898773,0.050139846062578444,1.1394767126044547,alive
t2,calru,CA-LRU,velocity_x1p25,velocity,1.25,1.25x,3,3,0.03647567331790924,0.02648122049868107,0.06584005802869797,0.025923976559136176,1.2788198359250642,alive
s2,rnn,RNN,velocity_x1p25,velocity,1.25,1.25x,0,0,,,,,,ineligible_id
s2,gru,GRU,velocity_x1p25,velocity,1.25,1.25x,0,0,,,,,,ineligible_id
s2,lstm,LSTM,velocity_x1p25,velocity,1.25,1.25x,3,3,0.08927933871746063,0.07817857712507248,0.0952736884355545,0.07343120132027828,1.2147880674034766,alive
s2,calru,CA-LRU,velocity_x1p25,velocity,1.25,1.25x,1,1,0.13526955246925354,0.13526955246925354,0.13526955246925354,0.1112576087879454,1.3269942695826535,alive
s1,rnn,RNN,velocity_x1p5,velocity,1.5,1.5x,1,1,0.18418927490711212,0.18418927490711212,0.18418927490711212,0.13891740622687096,1.6236680242406092,alive
s1,gru,GRU,velocity_x1p5,velocity,1.5,1.5x,3,3,0.07108835875988007,0.05674220994114876,0.07617786526679993,0.05361555615454827,1.7611894840870639,alive
s1,lstm,LSTM,velocity_x1p5,velocity,1.5,1.5x,3,3,0.048320069909095764,0.03787892311811447,0.0624876394867897,0.0364434833888011,1.650357556917033,alive
s1,calru,CA-LRU,velocity_x1p5,velocity,1.5,1.5x,3,3,0.11552376300096512,0.032310254871845245,0.1366683393716812,0.08712918557150019,2.0731288984226044,alive
t2,rnn,RNN,velocity_x1p5,velocity,1.5,1.5x,0,0,,,,,,ineligible_id
t2,gru,GRU,velocity_x1p5,velocity,1.5,1.5x,3,3,0.10538578778505325,0.09943636506795883,0.11013374477624893,0.07277156743675911,1.7221155390920633,alive
t2,lstm,LSTM,velocity_x1p5,velocity,1.5,1.5x,3,3,0.08661341667175293,0.07494146376848221,0.09220531582832336,0.05980876762161027,1.36058298568196,alive
t2,calru,CA-LRU,velocity_x1p5,velocity,1.5,1.5x,3,3,0.04600419104099274,0.039273444563150406,0.09465285390615463,0.031767064241540605,1.8868044575424991,alive
s2,rnn,RNN,velocity_x1p5,velocity,1.5,1.5x,0,0,,,,,,ineligible_id
s2,gru,GRU,velocity_x1p5,velocity,1.5,1.5x,0,0,,,,,,ineligible_id
s2,lstm,LSTM,velocity_x1p5,velocity,1.5,1.5x,3,3,0.12546205520629883,0.11867453157901764,0.13512404263019562,0.10183830146286144,1.722900386264708,alive
s2,calru,CA-LRU,velocity_x1p5,velocity,1.5,1.5x,1,1,0.20772361755371094,0.20772361755371094,0.20772361755371094,0.1686105041927362,2.0377686265607133,alive
s1,rnn,RNN,velocity_x2,velocity,2.0,2x,1,1,0.32835328578948975,0.32835328578948975,0.32835328578948975,0.23781766270975477,2.8945047482248754,alive
s1,gru,GRU,velocity_x2,velocity,2.0,2x,3,3,0.13861100375652313,0.13834089040756226,0.14901357889175415,0.1003923102519613,3.6917598423787026,alive
s1,lstm,LSTM,velocity_x2,velocity,2.0,2x,3,3,0.08789010345935822,0.08190897107124329,0.12492889910936356,0.06365649404045692,3.487053168407697,alive
s1,calru,CA-LRU,velocity_x2,velocity,2.0,2x,3,3,0.18993481993675232,0.1048809364438057,0.24805450439453125,0.1375648026056769,3.7627512254001694,alive
t2,rnn,RNN,velocity_x2,velocity,2.0,2x,0,0,,,,,,ineligible_id
t2,gru,GRU,velocity_x2,velocity,2.0,2x,3,3,0.24954712390899658,0.2315986454486847,0.26566335558891296,0.1668311186311922,4.1540673456303905,transition
t2,lstm,LSTM,velocity_x2,velocity,2.0,2x,3,3,0.1883247047662735,0.14889885485172272,0.19284683465957642,0.12590175622903158,2.845650705963347,alive
t2,calru,CA-LRU,velocity_x2,velocity,2.0,2x,3,3,0.11360085010528564,0.11140531301498413,0.19609561562538147,0.07594620448292788,4.031250433172236,transition
s2,rnn,RNN,velocity_x2,velocity,2.0,2x,0,0,,,,,,ineligible_id
s2,gru,GRU,velocity_x2,velocity,2.0,2x,0,0,,,,,,ineligible_id
s2,lstm,LSTM,velocity_x2,velocity,2.0,2x,3,3,0.323458731174469,0.29666489362716675,0.33371374011039734,0.25518763242585213,4.124263617588439,transition
s2,calru,CA-LRU,velocity_x2,velocity,2.0,2x,1,1,0.41120240092277527,0.41120240092277527,0.41120240092277527,0.32441160811550107,4.0338954310296815,transition
s1,rnn,RNN,velocity_x3,velocity,3.0,3x,1,1,0.6836280822753906,0.6836280822753906,0.6836280822753906,0.4755428324457433,6.026328396282861,transition
s1,gru,GRU,velocity_x3,velocity,3.0,3x,3,3,0.4601954221725464,0.4113120138645172,0.4698948562145233,0.3201194336694019,11.641482428747207,severely_degraded
s1,lstm,LSTM,velocity_x3,velocity,3.0,3x,3,3,0.3134417235851288,0.2994540333747864,0.3658972978591919,0.2180351698605369,8.748880068028809,severely_degraded
s1,calru,CA-LRU,velocity_x3,velocity,3.0,3x,3,3,0.47431090474128723,0.3814891278743744,0.5722323656082153,0.3299383933290688,8.68022147052541,severely_degraded
t2,rnn,RNN,velocity_x3,velocity,3.0,3x,0,0,,,,,,ineligible_id
t2,gru,GRU,velocity_x3,velocity,3.0,3x,3,3,0.6878641843795776,0.6674715280532837,0.697409987449646,0.4435441606093585,11.297556680563114,severely_degraded
t2,lstm,LSTM,velocity_x3,velocity,3.0,3x,3,3,0.5748730897903442,0.5273363590240479,0.6077365875244141,0.37068596949548765,8.947692286090883,severely_degraded
t2,calru,CA-LRU,velocity_x3,velocity,3.0,3x,3,3,0.4683147668838501,0.42426085472106934,0.5242576003074646,0.30197571685727054,14.874384686339333,severely_degraded
s2,rnn,RNN,velocity_x3,velocity,3.0,3x,0,0,,,,,,ineligible_id
s2,gru,GRU,velocity_x3,velocity,3.0,3x,0,0,,,,,,ineligible_id
s2,lstm,LSTM,velocity_x3,velocity,3.0,3x,3,3,0.9329447746276855,0.9252039194107056,0.9357631206512451,0.729463273065672,12.38515142661076,severely_degraded
s2,calru,CA-LRU,velocity_x3,velocity,3.0,3x,1,1,0.931404709815979,0.931404709815979,0.931404709815979,0.728259106700381,9.13707992690396,severely_degraded
s1,rnn,RNN,velocity_x4,velocity,4.0,4x,1,1,0.9798390865325928,0.9798390865325928,0.9798390865325928,0.669652591513912,8.637492028275894,severely_degraded
s1,gru,GRU,velocity_x4,velocity,4.0,4x,3,3,0.7401336431503296,0.6714892387390137,0.7565369606018066,0.5058304154370604,18.33655484350652,severely_degraded
s1,lstm,LSTM,velocity_x4,velocity,4.0,4x,3,3,0.578076183795929,0.5481605529785156,0.6077973246574402,0.39507529337424496,16.13543705785797,severely_degraded
s1,calru,CA-LRU,velocity_x4,velocity,4.0,4x,3,3,0.6768977642059326,0.6644004583358765,0.8541406393051147,0.46261304352997745,12.956502221373329,severely_degraded
t2,rnn,RNN,velocity_x4,velocity,4.0,4x,0,0,,,,,,ineligible_id
t2,gru,GRU,velocity_x4,velocity,4.0,4x,3,3,1.0904595851898193,1.0594427585601807,1.1017107963562012,0.692132628870332,17.932022732946145,severely_degraded
t2,lstm,LSTM,velocity_x4,velocity,4.0,4x,3,3,0.9230952262878418,0.883213996887207,0.9428668022155762,0.585903718345547,13.881806996944343,severely_degraded
t2,calru,CA-LRU,velocity_x4,velocity,4.0,4x,3,3,0.8288222551345825,0.7968220710754395,0.8444858193397522,0.5260671134480219,27.93620453042733,severely_degraded
s2,rnn,RNN,velocity_x4,velocity,4.0,4x,0,0,,,,,,ineligible_id
s2,gru,GRU,velocity_x4,velocity,4.0,4x,0,0,,,,,,ineligible_id
s2,lstm,LSTM,velocity_x4,velocity,4.0,4x,3,3,1.2250384092330933,1.2033255100250244,1.327885627746582,0.956992205299346,16.931218282309533,chance_collapsed
s2,calru,CA-LRU,velocity_x4,velocity,4.0,4x,1,1,1.2545043230056763,1.2545043230056763,1.2545043230056763,0.9800107895248298,12.306687036416312,chance_collapsed
s1,rnn,RNN,correlation_x0p5,smoothness,0.5,ell=0.5x,1,1,0.11759484559297562,0.11759484559297562,0.11759484559297562,0.0965521278411688,1.0366238246017094,alive
s1,gru,GRU,correlation_x0p5,smoothness,0.5,ell=0.5x,3,3,0.0402831956744194,0.02493535727262497,0.047314055263996124,0.03307481921503276,0.9881015084432908,alive
s1,lstm,LSTM,correlation_x0p5,smoothness,0.5,ell=0.5x,3,3,0.03233309090137482,0.02263874188065529,0.03390318155288696,0.02654732620692477,0.9291223837468391,alive
s1,calru,CA-LRU,correlation_x0p5,smoothness,0.5,ell=0.5x,3,3,0.06084015965461731,0.015062728896737099,0.0671648383140564,0.04995326830209828,0.9228874349721353,alive
t2,rnn,RNN,correlation_x0p5,smoothness,0.5,ell=0.5x,0,0,,,,,,ineligible_id
t2,gru,GRU,correlation_x0p5,smoothness,0.5,ell=0.5x,3,3,0.0582960769534111,0.05736330896615982,0.06894955784082413,0.04372274832596221,0.9935677001008822,alive
t2,lstm,LSTM,correlation_x0p5,smoothness,0.5,ell=0.5x,3,3,0.06859836727380753,0.05367370694875717,0.0693528950214386,0.05144958811347783,1.021081133734553,alive
t2,calru,CA-LRU,correlation_x0p5,smoothness,0.5,ell=0.5x,3,3,0.02523200213909149,0.018492622300982475,0.048628319054841995,0.01892430051801427,0.8884365142211663,alive
s2,rnn,RNN,correlation_x0p5,smoothness,0.5,ell=0.5x,0,0,,,,,,ineligible_id
s2,gru,GRU,correlation_x0p5,smoothness,0.5,ell=0.5x,0,0,,,,,,ineligible_id
s2,lstm,LSTM,correlation_x0p5,smoothness,0.5,ell=0.5x,3,3,0.07349953800439835,0.057508498430252075,0.0759400874376297,0.05783786497230239,0.9682748046351765,alive
s2,calru,CA-LRU,correlation_x0p5,smoothness,0.5,ell=0.5x,1,1,0.09584249556064606,0.09584249556064606,0.09584249556064606,0.07541986612913695,0.9402148530090428,alive
s1,rnn,RNN,correlation_x0p75,smoothness,0.75,ell=0.75x,1,1,0.11492393910884857,0.11492393910884857,0.11492393910884857,0.0928772274402371,1.0130792102032815,alive
s1,gru,GRU,correlation_x0p75,smoothness,0.75,ell=0.75x,3,3,0.04142933711409569,0.024549376219511032,0.04826847091317177,0.03348164008022465,0.9728064213650273,alive
s1,lstm,LSTM,correlation_x0p75,smoothness,0.75,ell=0.75x,3,3,0.03520481660962105,0.022239284589886665,0.03553873300552368,0.028451215513477457,0.9689497050615984,alive
s1,calru,CA-LRU,correlation_x0p75,smoothness,0.75,ell=0.75x,3,3,0.061407897621393204,0.012262005358934402,0.07419838011264801,0.04962756513773029,0.9314994806812287,alive
t2,rnn,RNN,correlation_x0p75,smoothness,0.75,ell=0.75x,0,0,,,,,,ineligible_id
t2,gru,GRU,correlation_x0p75,smoothness,0.75,ell=0.75x,3,3,0.05843643471598625,0.05730830878019333,0.06668009608983994,0.04292930224519568,0.9959598840460309,alive
t2,lstm,LSTM,correlation_x0p75,smoothness,0.75,ell=0.75x,3,3,0.06786620616912842,0.04991191625595093,0.06793054193258286,0.049856718518665126,1.000139860784221,alive
t2,calru,CA-LRU,correlation_x0p75,smoothness,0.75,ell=0.75x,3,3,0.02676965296268463,0.019143937155604362,0.04587678983807564,0.019665856218290183,0.9385313579037591,alive
s2,rnn,RNN,correlation_x0p75,smoothness,0.75,ell=0.75x,0,0,,,,,,ineligible_id
s2,gru,GRU,correlation_x0p75,smoothness,0.75,ell=0.75x,0,0,,,,,,ineligible_id
s2,lstm,LSTM,correlation_x0p75,smoothness,0.75,ell=0.75x,3,3,0.07382027804851532,0.05706673115491867,0.07867565006017685,0.06046811547473646,0.9770371387890151,alive
s2,calru,CA-LRU,correlation_x0p75,smoothness,0.75,ell=0.75x,1,1,0.0982101559638977,0.0982101559638977,0.0982101559638977,0.08044650072591106,0.9634416008623473,alive
s1,rnn,RNN,correlation_x1p5,smoothness,1.5,ell=1.5x,1,1,0.1181812733411789,0.1181812733411789,0.1181812733411789,0.09491493833397814,1.0417933111734181,alive
s1,gru,GRU,correlation_x1p5,smoothness,1.5,ell=1.5x,3,3,0.04102080315351486,0.02261403203010559,0.05083182454109192,0.032945041897509145,0.990425040963265,alive
s1,lstm,LSTM,correlation_x1p5,smoothness,1.5,ell=1.5x,3,3,0.035694945603609085,0.023621536791324615,0.0364779457449913,0.028667685370257025,1.0181834402920964,alive
s1,calru,CA-LRU,correlation_x1p5,smoothness,1.5,ell=1.5x,3,3,0.06674539297819138,0.013076596893370152,0.08953458070755005,0.05360523439541219,1.0749285723035087,alive
t2,rnn,RNN,correlation_x1p5,smoothness,1.5,ell=1.5x,0,0,,,,,,ineligible_id
t2,gru,GRU,correlation_x1p5,smoothness,1.5,ell=1.5x,3,3,0.060912538319826126,0.060457129031419754,0.06496109068393707,0.04421834859975759,1.0303995360520604,alive
t2,lstm,LSTM,correlation_x1p5,smoothness,1.5,ell=1.5x,3,3,0.06754650175571442,0.048946887254714966,0.06758832931518555,0.04903415361950465,0.9951014720155573,alive
t2,calru,CA-LRU,correlation_x1p5,smoothness,1.5,ell=1.5x,3,3,0.030649080872535706,0.021870838478207588,0.05315212160348892,0.02224914245353049,1.0745422635810784,alive
s2,rnn,RNN,correlation_x1p5,smoothness,1.5,ell=1.5x,0,0,,,,,,ineligible_id
s2,gru,GRU,correlation_x1p5,smoothness,1.5,ell=1.5x,0,0,,,,,,ineligible_id
s2,lstm,LSTM,correlation_x1p5,smoothness,1.5,ell=1.5x,3,3,0.07742562890052795,0.06299123167991638,0.08101426810026169,0.06703899759400266,1.0329731932672523,alive
s2,calru,CA-LRU,correlation_x1p5,smoothness,1.5,ell=1.5x,1,1,0.10920146107673645,0.10920146107673645,0.10920146107673645,0.09455210878287086,1.0712663007576675,alive
s1,rnn,RNN,correlation_x2,smoothness,2.0,ell=2x,1,1,0.11634226143360138,0.11634226143360138,0.11634226143360138,0.09288592477184193,1.0255820261676154,alive
s1,gru,GRU,correlation_x2,smoothness,2.0,ell=2x,3,3,0.04060602933168411,0.021418698132038116,0.05246496945619583,0.03241924765179686,1.0060003226555512,alive
s1,lstm,LSTM,correlation_x2,smoothness,2.0,ell=2x,3,3,0.03542660176753998,0.023953434079885483,0.03737352415919304,0.028284070003055113,1.0431810955108929,alive
s1,calru,CA-LRU,correlation_x2,smoothness,2.0,ell=2x,3,3,0.06852973997592926,0.013324372470378876,0.09387482702732086,0.054713121385137675,1.0952963368998696,alive
t2,rnn,RNN,correlation_x2,smoothness,2.0,ell=2x,0,0,,,,,,ineligible_id
t2,gru,GRU,correlation_x2,smoothness,2.0,ell=2x,3,3,0.06296446174383163,0.06056138128042221,0.06579472124576569,0.04548976316193807,1.0321763565978836,alive
t2,lstm,LSTM,correlation_x2,smoothness,2.0,ell=2x,3,3,0.06501077115535736,0.047850482165813446,0.0676078051328659,0.04696815474837086,0.9592998877063893,alive
t2,calru,CA-LRU,correlation_x2,smoothness,2.0,ell=2x,3,3,0.03123086504638195,0.02176530659198761,0.05584140866994858,0.022563277997711836,1.0949393412513775,alive
s2,rnn,RNN,correlation_x2,smoothness,2.0,ell=2x,0,0,,,,,,ineligible_id
s2,gru,GRU,correlation_x2,smoothness,2.0,ell=2x,0,0,,,,,,ineligible_id
s2,lstm,LSTM,correlation_x2,smoothness,2.0,ell=2x,3,3,0.07757741212844849,0.06511540710926056,0.0838000476360321,0.06842849674159279,1.0684933016417675,alive
s2,calru,CA-LRU,correlation_x2,smoothness,2.0,ell=2x,1,1,0.10931234061717987,0.10931234061717987,0.10931234061717987,0.09642083872755981,1.0723540290165143,alive
s1,rnn,RNN,correlation_x3,smoothness,3.0,ell=3x,1,1,0.11358523368835449,0.11358523368835449,0.11358523368835449,0.09029165388164599,1.0012782343525974,alive
s1,gru,GRU,correlation_x3,smoothness,3.0,ell=3x,3,3,0.039424121379852295,0.020362399518489838,0.05220245197415352,0.031339189141295784,0.976718962215706,alive
s1,lstm,LSTM,correlation_x3,smoothness,3.0,ell=3x,3,3,0.03536508232355118,0.022578630596399307,0.037217289209365845,0.028112560664488775,0.983734767575425,alive
s1,calru,CA-LRU,correlation_x3,smoothness,3.0,ell=3x,3,3,0.06744762510061264,0.013478395529091358,0.09629238396883011,0.053615751123360304,1.1079574128628038,alive
t2,rnn,RNN,correlation_x3,smoothness,3.0,ell=3x,0,0,,,,,,ineligible_id
t2,gru,GRU,correlation_x3,smoothness,3.0,ell=3x,3,3,0.06099764257669449,0.06004813313484192,0.06217600405216217,0.043994479123345503,1.0163687275642426,alive
t2,lstm,LSTM,correlation_x3,smoothness,3.0,ell=3x,3,3,0.06675532460212708,0.04986352473497391,0.06734899431467056,0.04814720062152906,0.986011960492746,alive
t2,calru,CA-LRU,correlation_x3,smoothness,3.0,ell=3x,3,3,0.03167863190174103,0.022750433534383774,0.05467188358306885,0.022848176601332804,1.1106378351904005,alive
s2,rnn,RNN,correlation_x3,smoothness,3.0,ell=3x,0,0,,,,,,ineligible_id
s2,gru,GRU,correlation_x3,smoothness,3.0,ell=3x,0,0,,,,,,ineligible_id
s2,lstm,LSTM,correlation_x3,smoothness,3.0,ell=3x,3,3,0.08019446581602097,0.06770256161689758,0.08607032895088196,0.07169912047280155,1.0974405450645326,alive
s2,calru,CA-LRU,correlation_x3,smoothness,3.0,ell=3x,1,1,0.1099683865904808,0.1099683865904808,0.1099683865904808,0.09831896151586228,1.0787898398199174,alive
s1,rnn,RNN,correlation_x4,smoothness,4.0,ell=4x,1,1,0.11095526814460754,0.11095526814460754,0.11095526814460754,0.08680231802303101,0.978094523138196,alive
s1,gru,GRU,correlation_x4,smoothness,4.0,ell=4x,3,3,0.03941604495048523,0.019284863024950027,0.05191567540168762,0.030835886625437223,0.9765188714734468,alive
s1,lstm,LSTM,correlation_x4,smoothness,4.0,ell=4x,3,3,0.03535309061408043,0.02294180542230606,0.03740112856030464,0.02765736378178077,0.9995580346875412,alive
s1,calru,CA-LRU,correlation_x4,smoothness,4.0,ell=4x,3,3,0.06627567112445831,0.01344996690750122,0.09787812829017639,0.05184865917891647,1.1056205099309762,alive
t2,rnn,RNN,correlation_x4,smoothness,4.0,ell=4x,0,0,,,,,,ineligible_id
t2,gru,GRU,correlation_x4,smoothness,4.0,ell=4x,3,3,0.0600360743701458,0.05827319622039795,0.0632852241396904,0.042961612639823614,0.9895647161303844,alive
t2,lstm,LSTM,correlation_x4,smoothness,4.0,ell=4x,3,3,0.06703519821166992,0.05010516196489334,0.06750473380088806,0.047970162090339316,0.9907901465529422,alive
t2,calru,CA-LRU,correlation_x4,smoothness,4.0,ell=4x,3,3,0.032002419233322144,0.022867795079946518,0.05396467447280884,0.02290082343096891,1.1093828724865766,alive
s2,rnn,RNN,correlation_x4,smoothness,4.0,ell=4x,0,0,,,,,,ineligible_id
s2,gru,GRU,correlation_x4,smoothness,4.0,ell=4x,0,0,,,,,,ineligible_id
s2,lstm,LSTM,correlation_x4,smoothness,4.0,ell=4x,3,3,0.0810326635837555,0.06796291470527649,0.08885074406862259,0.07319306599402031,1.132892254376115,alive
s2,calru,CA-LRU,correlation_x4,smoothness,4.0,ell=4x,1,1,0.11060065031051636,0.11060065031051636,0.11060065031051636,0.0999004640738728,1.0849923467258444,alive
s1,rnn,RNN,dwell_block8,dwell,8,blank block 8,1,1,0.11017021536827087,0.11017021536827087,0.11017021536827087,0.08843232531889901,0.9711741142765944,alive
s1,gru,GRU,dwell_block8,dwell,8,blank block 8,3,3,0.04310140386223793,0.025312401354312897,0.05017445236444473,0.034596985721645476,1.0030424544178032,alive
s1,lstm,LSTM,dwell_block8,dwell,8,blank block 8,3,3,0.03474465385079384,0.02429613284766674,0.03643050044775009,0.027889121593846274,0.9983839824679096,alive
s1,calru,CA-LRU,dwell_block8,dwell,8,blank block 8,3,3,0.06546938419342041,0.01224540639668703,0.07505723088979721,0.05255149826173392,0.9931083743118603,alive
t2,rnn,RNN,dwell_block8,dwell,8,blank block 8,0,0,,,,,,ineligible_id
t2,gru,GRU,dwell_block8,dwell,8,blank block 8,3,3,0.05742941424250603,0.05377069115638733,0.06740488111972809,0.04217361610951716,0.9787967563009193,alive
t2,lstm,LSTM,dwell_block8,dwell,8,blank block 8,3,3,0.06711344420909882,0.04988047480583191,0.06744512915611267,0.04928513844682601,0.9881097491413097,alive
t2,calru,CA-LRU,dwell_block8,dwell,8,blank block 8,3,3,0.026647072285413742,0.019279276952147484,0.04659583419561386,0.01956842868468293,0.9342337373984735,alive
s2,rnn,RNN,dwell_block8,dwell,8,blank block 8,0,0,,,,,,ineligible_id
s2,gru,GRU,dwell_block8,dwell,8,blank block 8,0,0,,,,,,ineligible_id
s2,lstm,LSTM,dwell_block8,dwell,8,blank block 8,3,3,0.07602307200431824,0.05929575115442276,0.07921899855136871,0.0639349139417563,1.0061918854360674,alive
s2,calru,CA-LRU,dwell_block8,dwell,8,blank block 8,1,1,0.09487457573413849,0.09487457573413849,0.09487457573413849,0.07978890716857952,0.9307195597982302,alive
s1,rnn,RNN,dwell_block32,dwell,32,blank block 32,1,1,0.11354824155569077,0.11354824155569077,0.11354824155569077,0.09327285156823768,1.0009521407568394,alive
s1,gru,GRU,dwell_block32,dwell,32,blank block 32,3,3,0.045242492109537125,0.02585241198539734,0.050757721066474915,0.03716390666464292,1.0244411981099877,alive
s1,lstm,LSTM,dwell_block32,dwell,32,blank block 32,3,3,0.03409114107489586,0.02977008745074272,0.034171491861343384,0.028003762081256548,0.9515622273736932,alive
s1,calru,CA-LRU,dwell_block32,dwell,32,blank block 32,3,3,0.053703684359788895,0.01124523300677538,0.05893582105636597,0.04411425233301672,0.8146338830916815,alive
t2,rnn,RNN,dwell_block32,dwell,32,blank block 32,0,0,,,,,,ineligible_id
t2,gru,GRU,dwell_block32,dwell,32,blank block 32,3,3,0.06165456771850586,0.056164972484111786,0.07454600930213928,0.045822573834540956,1.0508080517621443,alive
t2,lstm,LSTM,dwell_block32,dwell,32,blank block 32,3,3,0.0698004886507988,0.05578982084989548,0.07181636244058609,0.051876741063067125,1.0573507098565544,alive
t2,calru,CA-LRU,dwell_block32,dwell,32,blank block 32,3,3,0.02245946042239666,0.015765145421028137,0.040900420397520065,0.0166921985113573,0.7874180482429288,alive
s2,rnn,RNN,dwell_block32,dwell,32,blank block 32,0,0,,,,,,ineligible_id
s2,gru,GRU,dwell_block32,dwell,32,blank block 32,0,0,,,,,,ineligible_id
s2,lstm,LSTM,dwell_block32,dwell,32,blank block 32,3,3,0.08019329607486725,0.06350696086883545,0.08385549485683441,0.0689108848262093,1.0613862561660248,alive
s2,calru,CA-LRU,dwell_block32,dwell,32,blank block 32,1,1,0.07690288126468658,0.07690288126468658,0.07690288126468658,0.06608339914956213,0.7544172423859388,alive
s1,rnn,RNN,dwell_block64,dwell,64,blank block 64,1,1,0.11032144725322723,0.11032144725322723,0.11032144725322723,0.09576733942466747,0.9725072558287999,alive
s1,gru,GRU,dwell_block64,dwell,64,blank block 64,3,3,0.04560444504022598,0.025429552420973778,0.05291803181171417,0.03958809892528087,1.0310734327949134,alive
s1,lstm,LSTM,dwell_block64,dwell,64,blank block 64,3,3,0.03356748819351196,0.03156687319278717,0.03592359647154808,0.029139112253329685,1.002710275923038,alive
s1,calru,CA-LRU,dwell_block64,dwell,64,blank block 64,3,3,0.04244296997785568,0.009189772419631481,0.04665633291006088,0.036843700053448794,0.7077322552901009,alive
t2,rnn,RNN,dwell_block64,dwell,64,blank block 64,0,0,,,,,,ineligible_id
t2,gru,GRU,dwell_block64,dwell,64,blank block 64,3,3,0.06377958506345749,0.06276397407054901,0.0765029788017273,0.050170811715445074,1.08702573065991,alive
t2,lstm,LSTM,dwell_block64,dwell,64,blank block 64,3,3,0.07578159123659134,0.06224410980939865,0.07750526815652847,0.05961192663208805,1.1411083424160573,alive
t2,calru,CA-LRU,dwell_block64,dwell,64,blank block 64,3,3,0.016608847305178642,0.011401261202991009,0.03084266185760498,0.013064985451530044,0.5822983225174483,alive
s2,rnn,RNN,dwell_block64,dwell,64,blank block 64,0,0,,,,,,ineligible_id
s2,gru,GRU,dwell_block64,dwell,64,blank block 64,0,0,,,,,,ineligible_id
s2,lstm,LSTM,dwell_block64,dwell,64,blank block 64,3,3,0.09683407843112946,0.07019822299480438,0.0977465808391571,0.0836437095446033,1.2346838348314628,alive
s2,calru,CA-LRU,dwell_block64,dwell,64,blank block 64,1,1,0.054718971252441406,0.054718971252441406,0.054718971252441406,0.04726536165957213,0.5367930917488042,alive
s1,rnn,RNN,dwell_block96,dwell,96,blank block 96,1,1,0.10428369045257568,0.10428369045257568,0.10428369045257568,0.12340001716720156,0.9192831326527731,alive
s1,gru,GRU,dwell_block96,dwell,96,blank block 96,3,3,0.047111645340919495,0.024089254438877106,0.06182554364204407,0.05574771873352885,1.1671747076441679,alive
s1,lstm,LSTM,dwell_block96,dwell,96,blank block 96,3,3,0.036840349435806274,0.03581929951906204,0.037611283361911774,0.04359358335991757,1.0307435365169018,alive
s1,calru,CA-LRU,dwell_block96,dwell,96,blank block 96,3,3,0.03148156777024269,0.007703118957579136,0.04204084351658821,0.03725247914068634,0.6332154100087581,alive
t2,rnn,RNN,dwell_block96,dwell,96,blank block 96,0,0,,,,,,ineligible_id
t2,gru,GRU,dwell_block96,dwell,96,blank block 96,3,3,0.0685005933046341,0.06644295156002045,0.08321666717529297,0.07174935114945126,1.1674881141594344,alive
t2,lstm,LSTM,dwell_block96,dwell,96,blank block 96,3,3,0.08349841088056564,0.07211025059223175,0.08782404661178589,0.0874584658858068,1.2930314885311962,alive
t2,calru,CA-LRU,dwell_block96,dwell,96,blank block 96,3,3,0.011270475573837757,0.008470216765999794,0.021322324872016907,0.011804997162176301,0.40693254508760157,alive
s2,rnn,RNN,dwell_block96,dwell,96,blank block 96,0,0,,,,,,ineligible_id
s2,gru,GRU,dwell_block96,dwell,96,blank block 96,0,0,,,,,,ineligible_id
s2,lstm,LSTM,dwell_block96,dwell,96,blank block 96,3,3,0.11385608464479446,0.0936259776353836,0.11828382313251495,0.10142617305339069,1.5613489938731457,alive
s2,calru,CA-LRU,dwell_block96,dwell,96,blank block 96,1,1,0.041856855154037476,0.041856855154037476,0.041856855154037476,0.03728725300513144,0.41061573664024553,alive
s1,rnn,RNN,dwell_block128,dwell,128,all blank 128,1,0,,,,inf,inf,chance_collapsed
s1,gru,GRU,dwell_block128,dwell,128,all blank 128,3,0,,,,inf,inf,chance_collapsed
s1,lstm,LSTM,dwell_block128,dwell,128,all blank 128,3,0,,,,inf,inf,chance_collapsed
s1,calru,CA-LRU,dwell_block128,dwell,128,all blank 128,3,0,,,,inf,inf,chance_collapsed
t2,rnn,RNN,dwell_block128,dwell,128,all blank 128,0,0,,,,,,ineligible_id
t2,gru,GRU,dwell_block128,dwell,128,all blank 128,3,0,,,,inf,inf,chance_collapsed
t2,lstm,LSTM,dwell_block128,dwell,128,all blank 128,3,0,,,,inf,inf,chance_collapsed
t2,calru,CA-LRU,dwell_block128,dwell,128,all blank 128,3,0,,,,inf,inf,chance_collapsed
s2,rnn,RNN,dwell_block128,dwell,128,all blank 128,0,0,,,,,,ineligible_id
s2,gru,GRU,dwell_block128,dwell,128,all blank 128,0,0,,,,,,ineligible_id
s2,lstm,LSTM,dwell_block128,dwell,128,all blank 128,3,0,,,,inf,inf,chance_collapsed
s2,calru,CA-LRU,dwell_block128,dwell,128,all blank 128,1,0,,,,inf,inf,chance_collapsed
s1,rnn,RNN,blank_h0,blank,0,H=0,1,1,0.11344023048877716,0.11344023048877716,0.11344023048877716,0.07221829371109129,1.0,alive
s1,gru,GRU,blank_h0,blank,0,H=0,3,3,0.04036383330821991,0.025235623121261597,0.051323242485523224,0.025696414372561958,1.0,alive
s1,lstm,LSTM,blank_h0,blank,0,H=0,3,3,0.03582649677991867,0.022951949387788773,0.036489468067884445,0.022807856224759712,1.0,alive
s1,calru,CA-LRU,blank_h0,blank,0,H=0,3,3,0.06592370569705963,0.012165084481239319,0.08009782433509827,0.04196833451448953,1.0,alive
t2,rnn,RNN,blank_h0,blank,0,H=0,0,0,,,,,,ineligible_id
t2,gru,GRU,blank_h0,blank,0,H=0,3,3,0.059081051498651505,0.05867348238825798,0.06395258754491806,0.03761216555630887,1.0,alive
t2,lstm,LSTM,blank_h0,blank,0,H=0,3,3,0.06776897609233856,0.05057091265916824,0.06792104244232178,0.04314307013348864,1.0,alive
t2,calru,CA-LRU,blank_h0,blank,0,H=0,3,3,0.0285229180008173,0.020814793184399605,0.048643868416547775,0.018158253564939497,1.0,alive
s2,rnn,RNN,blank_h0,blank,0,H=0,0,0,,,,,,ineligible_id
s2,gru,GRU,blank_h0,blank,0,H=0,0,0,,,,,,ineligible_id
s2,lstm,LSTM,blank_h0,blank,0,H=0,3,3,0.0755552425980568,0.059964798390865326,0.0784282386302948,0.0480999613439523,1.0,alive
s2,calru,CA-LRU,blank_h0,blank,0,H=0,1,1,0.10193680226802826,0.10193680226802826,0.10193680226802826,0.0648949838557513,1.0,alive
s1,rnn,RNN,blank_h128,blank,128,H=128,1,1,0.19944331049919128,0.19944331049919128,0.19944331049919128,0.12696955493023201,1.7581356247237399,alive
s1,gru,GRU,blank_h128,blank,128,H=128,3,3,0.07390240579843521,0.038377948105335236,0.0996202826499939,0.04704773275681645,1.8309065255054784,alive
s1,lstm,LSTM,blank_h128,blank,128,H=128,3,3,0.0683889240026474,0.055830635130405426,0.07433857768774033,0.04353774123102921,2.0749608353951117,alive
s1,calru,CA-LRU,blank_h128,blank,128,H=128,3,3,0.0641903206706047,0.012343039736151695,0.07909871637821198,0.04086482733352242,0.9875264033052082,alive
t2,rnn,RNN,blank_h128,blank,128,H=128,0,0,,,,,,ineligible_id
t2,gru,GRU,blank_h128,blank,128,H=128,3,3,0.10150828957557678,0.09581458568572998,0.12320052087306976,0.06462218420302622,1.7300539433447897,alive
t2,lstm,LSTM,blank_h128,blank,128,H=128,3,3,0.13300195336341858,0.10538291931152344,0.14777109026908875,0.08467167327466321,2.083864296097849,alive
t2,calru,CA-LRU,blank_h128,blank,128,H=128,3,3,0.028989683836698532,0.02092047780752182,0.04888016730546951,0.018455405925127174,1.0050773804085367,alive
s2,rnn,RNN,blank_h128,blank,128,H=128,0,0,,,,,,ineligible_id
s2,gru,GRU,blank_h128,blank,128,H=128,0,0,,,,,,ineligible_id
s2,lstm,LSTM,blank_h128,blank,128,H=128,3,3,0.17015552520751953,0.12261037528514862,0.1716744601726532,0.10832437172469733,2.1889368315654076,alive
s2,calru,CA-LRU,blank_h128,blank,128,H=128,1,1,0.09730203449726105,0.09730203449726105,0.09730203449726105,0.06194439905254888,0.9545329295441233,alive
s1,rnn,RNN,blank_h256,blank,256,H=256,1,1,0.2758110463619232,0.2758110463619232,0.2758110463619232,0.175586765551392,2.431333621005025,alive
s1,gru,GRU,blank_h256,blank,256,H=256,3,3,0.11643984913825989,0.05420692637562752,0.15631261467933655,0.07412791025291453,2.884756961736522,alive
s1,lstm,LSTM,blank_h256,blank,256,H=256,3,3,0.10282167792320251,0.09617739915847778,0.11663517355918884,0.06545831319392195,3.255556195619013,alive
s1,calru,CA-LRU,blank_h256,blank,256,H=256,3,3,0.0641903206706047,0.012343255802989006,0.07909870147705078,0.04086482733352242,0.9875262172681802,alive
t2,rnn,RNN,blank_h256,blank,256,H=256,0,0,,,,,,ineligible_id
t2,gru,GRU,blank_h256,blank,256,H=256,3,3,0.15835259854793549,0.1484198272228241,0.19142858684062958,0.10081039524140169,2.6988784729032167,alive
t2,lstm,LSTM,blank_h256,blank,256,H=256,3,3,0.21630340814590454,0.172988161444664,0.2405834197998047,0.1377030264561778,3.420704755924593,alive
t2,calru,CA-LRU,blank_h256,blank,256,H=256,3,3,0.028989683836698532,0.02092047780752182,0.04888016730546951,0.018455405925127174,1.0050773804085367,alive
s2,rnn,RNN,blank_h256,blank,256,H=256,0,0,,,,,,ineligible_id
s2,gru,GRU,blank_h256,blank,256,H=256,0,0,,,,,,ineligible_id
s2,lstm,LSTM,blank_h256,blank,256,H=256,3,3,0.288509726524353,0.2040359377861023,0.289589524269104,0.18367099642576679,3.692413973928557,alive
s2,calru,CA-LRU,blank_h256,blank,256,H=256,1,1,0.09730198234319687,0.09730198234319687,0.09730198234319687,0.061944365850240414,0.9545324179127692,alive
s1,rnn,RNN,blank_h512,blank,512,H=512,1,1,0.41280117630958557,0.41280117630958557,0.41280117630958557,0.2627973908952782,3.63893104351921,alive
s1,gru,GRU,blank_h512,blank,512,H=512,3,3,0.20685404539108276,0.09169590473175049,0.2706639766693115,0.13168737529018446,5.124737380900785,transition
s1,lstm,LSTM,blank_h512,blank,512,H=512,3,3,0.175194650888443,0.16946721076965332,0.20070038735866547,0.11153237876861846,5.602009836227171,transition
s1,calru,CA-LRU,blank_h512,blank,512,H=512,3,3,0.0641903206706047,0.012343629263341427,0.07909870147705078,0.04086482733352242,0.9875262172681802,alive
t2,rnn,RNN,blank_h512,blank,512,H=512,0,0,,,,,,ineligible_id
t2,gru,GRU,blank_h512,blank,512,H=512,3,3,0.2732028365135193,0.2530366778373718,0.32637983560562134,0.1739263275914142,4.656325573206372,transition
t2,lstm,LSTM,blank_h512,blank,512,H=512,3,3,0.37813127040863037,0.3035006821155548,0.4144546389579773,0.24072584329260663,6.001487142639727,transition
t2,calru,CA-LRU,blank_h512,blank,512,H=512,3,3,0.028989683836698532,0.02092047780752182,0.04888016730546951,0.018455405925127174,1.0050773804085367,alive
s2,rnn,RNN,blank_h512,blank,512,H=512,0,0,,,,,,ineligible_id
s2,gru,GRU,blank_h512,blank,512,H=512,0,0,,,,,,ineligible_id
s2,lstm,LSTM,blank_h512,blank,512,H=512,3,3,0.502348780632019,0.35724449157714844,0.5085968971252441,0.31980516637508805,6.484869557287065,transition
s2,calru,CA-LRU,blank_h512,blank,512,H=512,1,1,0.09730198234319687,0.09730198234319687,0.09730198234319687,0.061944365850240414,0.9545324179127692,alive
s1,rnn,RNN,blank_h768,blank,768,H=768,1,1,0.5194677710533142,0.5194677710533142,0.5194677710533142,0.33070345416025576,4.5792199893732235,transition
s1,gru,GRU,blank_h768,blank,768,H=768,3,3,0.29698655009269714,0.13048876821994781,0.38288620114326477,0.18906750991624616,7.357738989379317,transition
s1,lstm,LSTM,blank_h768,blank,768,H=768,3,3,0.24714228510856628,0.2300880402326584,0.28238725662231445,0.15733566528821935,7.882078405740107,transition
s1,calru,CA-LRU,blank_h768,blank,768,H=768,3,3,0.0641903206706047,0.012344020418822765,0.07909870147705078,0.04086482733352242,0.9875262172681802,alive
t2,rnn,RNN,blank_h768,blank,768,H=768,0,0,,,,,,ineligible_id
t2,gru,GRU,blank_h768,blank,768,H=768,3,3,0.3817763328552246,0.34771832823753357,0.4505721628665924,0.24304636211762307,6.506795187797265,transition
t2,lstm,LSTM,blank_h768,blank,768,H=768,3,3,0.5208658576011658,0.42104998230934143,0.5610541105270386,0.3315935037000992,8.260387213630931,severely_degraded
t2,calru,CA-LRU,blank_h768,blank,768,H=768,3,3,0.028989683836698532,0.02092047780752182,0.04888016730546951,0.018455405925127174,1.0050773804085367,alive
s2,rnn,RNN,blank_h768,blank,768,H=768,0,0,,,,,,ineligible_id
s2,gru,GRU,blank_h768,blank,768,H=768,0,0,,,,,,ineligible_id
s2,lstm,LSTM,blank_h768,blank,768,H=768,3,3,0.6751419305801392,0.485695481300354,0.6898554563522339,0.4298087021617376,8.796008534683075,severely_degraded
s2,calru,CA-LRU,blank_h768,blank,768,H=768,1,1,0.09730198234319687,0.09730198234319687,0.09730198234319687,0.061944365850240414,0.9545324179127692,alive
s1,rnn,RNN,blank_h1024,blank,1024,H=1024,1,1,0.5982475876808167,0.5982475876808167,0.5982475876808167,0.38085624308881616,5.2736809957381245,transition
s1,gru,GRU,blank_h1024,blank,1024,H=1024,3,3,0.3837449550628662,0.16772177815437317,0.49111196398735046,0.24429962593932963,9.50714844481132,severely_degraded
s1,lstm,LSTM,blank_h1024,blank,1024,H=1024,3,3,0.3115309774875641,0.28529489040374756,0.3611433506011963,0.19832677997358317,10.080342290224227,severely_degraded
s1,calru,CA-LRU,blank_h1024,blank,1024,H=1024,3,3,0.0641903206706047,0.01234441064298153,0.07909870147705078,0.04086482733352242,0.9875262172681802,alive
t2,rnn,RNN,blank_h1024,blank,1024,H=1024,0,0,,,,,,ineligible_id
t2,gru,GRU,blank_h1024,blank,1024,H=1024,3,3,0.48298048973083496,0.4325341582298279,0.5643787384033203,0.30747492943042715,8.23166565323028,severely_degraded
t2,lstm,LSTM,blank_h1024,blank,1024,H=1024,3,3,0.6430261731147766,0.5265777707099915,0.6831904649734497,0.40936317595472604,10.058598048662338,severely_degraded
t2,calru,CA-LRU,blank_h1024,blank,1024,H=1024,3,3,0.028989683836698532,0.02092047780752182,0.04888016730546951,0.018455405925127174,1.0050773804085367,alive
s2,rnn,RNN,blank_h1024,blank,1024,H=1024,0,0,,,,,,ineligible_id
s2,gru,GRU,blank_h1024,blank,1024,H=1024,0,0,,,,,,ineligible_id
s2,lstm,LSTM,blank_h1024,blank,1024,H=1024,3,3,0.8055418729782104,0.5929614901542664,0.8375400900840759,0.5128238838079435,10.661627774310505,severely_degraded
s2,calru,CA-LRU,blank_h1024,blank,1024,H=1024,1,1,0.09730198234319687,0.09730198234319687,0.09730198234319687,0.061944365850240414,0.9545324179127692,alive
s1,rnn,RNN,blank_h1536,blank,1536,H=1536,1,1,0.7004812955856323,0.7004812955856323,0.7004812955856323,0.44594024294347373,6.174893091873012,transition
s1,gru,GRU,blank_h1536,blank,1536,H=1536,3,3,0.5443338751792908,0.2342618703842163,0.6934472918510437,0.34653370770860353,13.485683359722914,severely_degraded
s1,lstm,LSTM,blank_h1536,blank,1536,H=1536,3,3,0.4155160188674927,0.37485790252685547,0.5096647143363953,0.2645257133465068,14.225915457691933,severely_degraded
s1,calru,CA-LRU,blank_h1536,blank,1536,H=1536,3,3,0.0641903206706047,0.012345186434686184,0.07909870147705078,0.04086482733352242,0.9875262172681802,alive
t2,rnn,RNN,blank_h1536,blank,1536,H=1536,0,0,,,,,,ineligible_id
t2,gru,GRU,blank_h1536,blank,1536,H=1536,3,3,0.6601909399032593,0.5718220472335815,0.7630529403686523,0.4202906058803525,11.251947439127626,severely_degraded
t2,lstm,LSTM,blank_h1536,blank,1536,H=1536,3,3,0.8280235528945923,0.7124870419502258,0.8710308074951172,0.5271361657587513,12.824167241467066,severely_degraded
t2,calru,CA-LRU,blank_h1536,blank,1536,H=1536,3,3,0.028989683836698532,0.02092047780752182,0.04888016730546951,0.018455405925127174,1.0050773804085367,alive
s2,rnn,RNN,blank_h1536,blank,1536,H=1536,0,0,,,,,,ineligible_id
s2,gru,GRU,blank_h1536,blank,1536,H=1536,0,0,,,,,,ineligible_id
s2,lstm,LSTM,blank_h1536,blank,1536,H=1536,3,3,0.9843411445617676,0.7624829411506653,1.0514534711837769,0.626651035382957,13.028098523861848,severely_degraded
s2,calru,CA-LRU,blank_h1536,blank,1536,H=1536,1,1,0.09730198234319687,0.09730198234319687,0.09730198234319687,0.061944365850240414,0.9545324179127692,alive
s1,rnn,RNN,blank_h2048,blank,2048,H=2048,1,1,0.7723948955535889,0.7723948955535889,0.7723948955535889,0.4917218625852075,6.808826923443207,transition
s1,gru,GRU,blank_h2048,blank,2048,H=2048,3,3,0.6847524642944336,0.29007238149642944,0.8769078254699707,0.4359269579472627,16.964505305173454,severely_degraded
s1,lstm,LSTM,blank_h2048,blank,2048,H=2048,3,3,0.49241751432418823,0.43845948576927185,0.6447261571884155,0.31348272587887493,17.995791247716827,severely_degraded
s1,calru,CA-LRU,blank_h2048,blank,2048,H=2048,3,3,0.0641903206706047,0.012345956638455391,0.07909870147705078,0.04086482733352242,0.9875262172681802,alive
t2,rnn,RNN,blank_h2048,blank,2048,H=2048,0,0,,,,,,ineligible_id
t2,gru,GRU,blank_h2048,blank,2048,H=2048,3,3,0.802959144115448,0.6750842928886414,0.9271864891052246,0.5111796675472444,13.685213684813432,severely_degraded
t2,lstm,LSTM,blank_h2048,blank,2048,H=2048,3,3,0.9447593688964844,0.8690972328186035,1.0169322490692139,0.6014524943690197,14.972270926683551,severely_degraded
t2,calru,CA-LRU,blank_h2048,blank,2048,H=2048,3,3,0.028989683836698532,0.02092047780752182,0.04888016730546951,0.018455405925127174,1.0050773804085367,alive
s2,rnn,RNN,blank_h2048,blank,2048,H=2048,0,0,,,,,,ineligible_id
s2,gru,GRU,blank_h2048,blank,2048,H=2048,0,0,,,,,,ineligible_id
s2,lstm,LSTM,blank_h2048,blank,2048,H=2048,3,3,1.1111154556274414,0.8981652855873108,1.1576945781707764,0.7073580684356432,14.761195691619024,severely_degraded
s2,calru,CA-LRU,blank_h2048,blank,2048,H=2048,1,1,0.09730198234319687,0.09730198234319687,0.09730198234319687,0.061944365850240414,0.9545324179127692,alive
s1,rnn,RNN,blank_h4096,blank,4096,H=4096,1,1,0.9233023524284363,0.9233023524284363,0.9233023524284363,0.5877925334294435,8.139108572419378,severely_degraded
s1,gru,GRU,blank_h4096,blank,4096,H=4096,3,3,1.0487487316131592,0.4583582878112793,1.4737720489501953,0.667654178790359,25.98238684628564,severely_degraded
s1,lstm,LSTM,blank_h4096,blank,4096,H=4096,3,3,0.6336912512779236,0.6134942770004272,1.1378426551818848,0.4034203801398795,27.609474061278174,severely_degraded
s1,calru,CA-LRU,blank_h4096,blank,4096,H=4096,3,3,0.0641903206706047,0.01234908401966095,0.07909870147705078,0.04086482733352242,0.9875262172681802,alive
t2,rnn,RNN,blank_h4096,blank,4096,H=4096,0,0,,,,,,ineligible_id
t2,gru,GRU,blank_h4096,blank,4096,H=4096,3,3,1.1811363697052002,0.896541953086853,1.2381718158721924,0.7519347668167959,19.360777466627816,chance_collapsed
t2,lstm,LSTM,blank_h4096,blank,4096,H=4096,3,3,1.3909674882888794,1.1153188943862915,1.4277255535125732,0.8855174057651728,21.020371628203307,chance_collapsed
t2,calru,CA-LRU,blank_h4096,blank,4096,H=4096,3,3,0.028989683836698532,0.02092047780752182,0.04888016730546951,0.018455405925127174,1.0050773804085367,alive
s2,rnn,RNN,blank_h4096,blank,4096,H=4096,0,0,,,,,,ineligible_id
s2,gru,GRU,blank_h4096,blank,4096,H=4096,0,0,,,,,,ineligible_id
s2,lstm,LSTM,blank_h4096,blank,4096,H=4096,3,3,1.3524949550628662,1.25221586227417,1.508009672164917,0.8610250304204241,19.9590342153663,chance_collapsed
s2,calru,CA-LRU,blank_h4096,blank,4096,H=4096,1,1,0.09730198234319687,0.09730198234319687,0.09730198234319687,0.061944365850240414,0.9545324179127692,alive
