topology,model,model_label,eligible_seed_count,kick_radius_relative,recovery_horizon,recovery_ratio_median,recovery_ratio_min,recovery_ratio_max,same_memory_error_normalized_median,same_memory_error_normalized_min,same_memory_error_normalized_max,same_memory_error_radians_median,status
s1,rnn,RNN,1,0.05,0,1.0,1.0,1.0,0.006566272117197514,0.006566272117197514,0.006566272117197514,0.020628552244859207,trajectory
s1,rnn,RNN,1,0.05,1,0.8940243721008301,0.8940243721008301,0.8940243721008301,0.006328139919787645,0.006328139919787645,0.006328139919787645,0.01988043788289317,trajectory
s1,rnn,RNN,1,0.05,16,0.41390466690063477,0.41390466690063477,0.41390466690063477,0.0036017061211168766,0.0036017061211168766,0.0036017061211168766,0.01131509349049017,trajectory
s1,rnn,RNN,1,0.05,128,0.04898305982351303,0.04898305982351303,0.04898305982351303,0.0033410568721592426,0.0033410568721592426,0.0033410568721592426,0.01049623972480117,trajectory
s1,rnn,RNN,1,0.05,512,0.02739160880446434,0.02739160880446434,0.02739160880446434,0.0031377056147903204,0.0031377056147903204,0.0031377056147903204,0.009857392908552715,trajectory
s1,rnn,RNN,1,0.05,2048,0.0,0.0,0.0,0.0031720076221972704,0.0031720076221972704,0.0031720076221972704,0.009965155843025772,survived
s1,gru,GRU,3,0.05,0,1.0,1.0,1.0,0.001961795147508383,0.0019403413170948625,0.0020188079215586185,0.00616316122326044,trajectory
s1,gru,GRU,3,0.05,1,0.5125765204429626,0.5098123550415039,0.5160735845565796,0.0018641683273017406,0.0018435744568705559,0.001954834908246994,0.005856457522105922,trajectory
s1,gru,GRU,3,0.05,16,0.0780077800154686,0.07446326315402985,0.07918436080217361,0.001787719433195889,0.0017680616583675146,0.0019131687004119158,0.005616286238007914,trajectory
s1,gru,GRU,3,0.05,128,0.033354517072439194,0.03128796070814133,0.034759778529405594,0.0018064213218167424,0.0017855342011898756,0.0019337728153914213,0.0056750399539074415,trajectory
s1,gru,GRU,3,0.05,512,0.030878566205501556,0.029402729123830795,0.03130047768354416,0.001798419514670968,0.0017974867951124907,0.0019487382378429174,0.0056499015353628345,trajectory
s1,gru,GRU,3,0.05,2048,0.017138659954071045,0.016653137281537056,0.018695374950766563,0.0018418284598737955,0.0017780209891498089,0.001997307874262333,0.005786274758712119,survived
s1,lstm,LSTM,3,0.05,0,1.0,1.0,1.0,0.0033763162791728973,0.0033306805416941643,0.003412162885069847,0.0106070104188452,trajectory
s1,lstm,LSTM,3,0.05,1,0.46951109170913696,0.4688214361667633,0.47269386053085327,0.0015015575336292386,0.001460743136703968,0.0015695426845923066,0.004717282116592025,trajectory
s1,lstm,LSTM,3,0.05,16,0.04215731471776962,0.04022907465696335,0.044992122799158096,0.0013266270980238914,0.0012991726398468018,0.001387476921081543,0.004167721945205004,trajectory
s1,lstm,LSTM,3,0.05,128,0.03302357345819473,0.030781075358390808,0.034846048802137375,0.0013305090833455324,0.0013000767212361097,0.0013867160305380821,0.004179917561772814,trajectory
s1,lstm,LSTM,3,0.05,512,0.027650685980916023,0.026203151792287827,0.02809887006878853,0.0013382910983636975,0.0012966763461008668,0.0013900098856538534,0.004204365482984008,trajectory
s1,lstm,LSTM,3,0.05,2048,0.011007414199411869,0.009483466856181622,0.01884910836815834,0.0012459398712962866,0.001024405239149928,0.0013713673688471317,0.003914235546479026,survived
s1,calru,CA-LRU,3,0.05,0,1.0,1.0,1.0,0.0008421681704930961,0.0007326877675950527,0.001114636892452836,0.002645749337508267,trajectory
s1,calru,CA-LRU,3,0.05,1,0.7409142255783081,0.7395207285881042,0.7530835866928101,0.0006532223196700215,0.0005862439284101129,0.0008943399880081415,0.002052158440636223,trajectory
s1,calru,CA-LRU,3,0.05,16,0.2645416855812073,0.26110225915908813,0.3009129762649536,0.00039367255521938205,0.00035239814314991236,0.0005336409085430205,0.0012367588073971328,trajectory
s1,calru,CA-LRU,3,0.05,128,0.25753337144851685,0.2566526532173157,0.2951778769493103,0.0004106941050849855,0.0003602061769925058,0.0005365737015381455,0.001290233583407625,trajectory
s1,calru,CA-LRU,3,0.05,512,0.25753337144851685,0.2566526532173157,0.2950906753540039,0.00041070254519581795,0.0003602064389269799,0.0005365739343687892,0.0012902600987978116,trajectory
s1,calru,CA-LRU,3,0.05,2048,0.25753337144851685,0.2566526532173157,0.2949095070362091,0.0004107264685444534,0.0003602064389269799,0.0005365739343687892,0.001290335256214134,survived
s1,rnn,RNN,1,0.1,0,1.0,1.0,1.0,0.013157091103494167,0.013157091103494167,0.013157091103494167,0.0413342207533489,trajectory
s1,rnn,RNN,1,0.1,1,0.8940351009368896,0.8940351009368896,0.8940351009368896,0.012678047642111778,0.012678047642111778,0.012678047642111778,0.039829261334319764,trajectory
s1,rnn,RNN,1,0.1,16,0.4112689793109894,0.4112689793109894,0.4112689793109894,0.0072015197947621346,0.0072015197947621346,0.0072015197947621346,0.022624241681906198,trajectory
s1,rnn,RNN,1,0.1,128,0.024495434015989304,0.024495434015989304,0.024495434015989304,0.006692582741379738,0.006692582741379738,0.006692582741379738,0.021025368773860423,trajectory
s1,rnn,RNN,1,0.1,512,0.014999906532466412,0.014999906532466412,0.014999906532466412,0.006294029299169779,0.006294029299169779,0.006294029299169779,0.01977327620775069,trajectory
s1,rnn,RNN,1,0.1,2048,0.0,0.0,0.0,0.006494705565273762,0.006494705565273762,0.006494705565273762,0.020403719291092793,survived
s1,gru,GRU,3,0.1,0,1.0,1.0,1.0,0.00392420869320631,0.003880758536979556,0.004038718994706869,0.012328265201730146,trajectory
s1,gru,GRU,3,0.1,1,0.5116640329360962,0.5089908242225647,0.5151111483573914,0.003730438882485032,0.0036868040915578604,0.003910823259502649,0.011719519387880694,trajectory
s1,gru,GRU,3,0.1,16,0.06913534551858902,0.0677035003900528,0.07050952315330505,0.003578049363568425,0.0035355817526578903,0.003826460801064968,0.011240773594768199,trajectory
s1,gru,GRU,3,0.1,128,0.01615597866475582,0.01594388112425804,0.016536816954612732,0.003615549299865961,0.003570853266865015,0.0038676334079355,0.011358583119150624,trajectory
s1,gru,GRU,3,0.1,512,0.01464501116424799,0.014562951400876045,0.015386782586574554,0.0035989931784570217,0.0035953496117144823,0.0038966890424489975,0.011306570529760359,trajectory
s1,gru,GRU,3,0.1,2048,0.008568071760237217,0.00808136910200119,0.008913165889680386,0.003668534103780985,0.00355904595926404,0.0039940387941896915,0.011525039789881958,survived
s1,lstm,LSTM,3,0.1,0,1.0,1.0,1.0,0.006756918504834175,0.006661644205451012,0.00681947311386466,0.021227485535691974,trajectory
s1,lstm,LSTM,3,0.1,1,0.46814632415771484,0.4678923189640045,0.47109562158584595,0.003003307618200779,0.002920272061601281,0.003140057437121868,0.009435169149809826,trajectory
s1,lstm,LSTM,3,0.1,16,0.02620301954448223,0.025521812960505486,0.02795451506972313,0.0026545526925474405,0.0025985052343457937,0.002775227651000023,0.008339523237474044,trajectory
s1,lstm,LSTM,3,0.1,128,0.016323482617735863,0.01620308868587017,0.01676616072654724,0.002662382088601589,0.0026000577490776777,0.002773660235106945,0.008364120010599801,trajectory
s1,lstm,LSTM,3,0.1,512,0.013101509772241116,0.012986976653337479,0.01473488099873066,0.0026767398230731487,0.0025917193852365017,0.0027789294254034758,0.008409226163737847,trajectory
s1,lstm,LSTM,3,0.1,2048,0.004493962042033672,0.0033533358946442604,0.00942450761795044,0.0025868327356874943,0.002469983883202076,0.002740840893238783,0.00812677471850142,survived
s1,calru,CA-LRU,3,0.1,0,1.0,1.0,1.0,0.001683932263404131,0.0014646893832832575,0.0022292560897767544,0.00529022922785325,trajectory
s1,calru,CA-LRU,3,0.1,1,0.7407665252685547,0.7394863367080688,0.7531737089157104,0.001306396909058094,0.0011721489718183875,0.0017887430731207132,0.004104166932169321,trajectory
s1,calru,CA-LRU,3,0.1,16,0.26405400037765503,0.25971901416778564,0.3007161021232605,0.000787647848483175,0.0007046344107948244,0.0010675378143787384,0.002474468694410549,trajectory
s1,calru,CA-LRU,3,0.1,128,0.2567593455314636,0.2560760974884033,0.29484450817108154,0.0008217048598453403,0.0007202673587016761,0.0010733475210145116,0.0025814619511091517,trajectory
s1,calru,CA-LRU,3,0.1,512,0.2567593455314636,0.2560760974884033,0.2948172092437744,0.0008217185968533158,0.0007202668930403888,0.001073347870260477,0.0025815051071924897,trajectory
s1,calru,CA-LRU,3,0.1,2048,0.2567593455314636,0.2560760974884033,0.2947085499763489,0.0008217634749598801,0.0007202668930403888,0.001073347870260477,0.0025816460959223794,survived
s1,rnn,RNN,1,0.25,0,1.0,1.0,1.0,0.03316374868154526,0.03316374868154526,0.03316374868154526,0.10418698922344077,trajectory
s1,rnn,RNN,1,0.25,1,0.8942261934280396,0.8942261934280396,0.8942261934280396,0.03192659094929695,0.03192659094929695,0.03192659094929695,0.10030034358047768,trajectory
s1,rnn,RNN,1,0.25,16,0.40801429748535156,0.40801429748535156,0.40801429748535156,0.017967747524380684,0.017967747524380684,0.017967747524380684,0.05644734362415055,trajectory
s1,rnn,RNN,1,0.25,128,0.010392948053777218,0.010392948053777218,0.010392948053777218,0.016814526170492172,0.016814526170492172,0.016814526170492172,0.05282439189081153,trajectory
s1,rnn,RNN,1,0.25,512,0.005477564875036478,0.005477564875036478,0.005477564875036478,0.015991918742656708,0.015991918742656708,0.015991918742656708,0.050240094438735235,trajectory
s1,rnn,RNN,1,0.25,2048,0.0,0.0,0.0,0.016746383160352707,0.016746383160352707,0.016746383160352707,0.052610314310763885,survived
s1,gru,GRU,3,0.25,0,1.0,1.0,1.0,0.009819548577070236,0.009707748889923096,0.010110070928931236,0.03084902167129196,trajectory
s1,gru,GRU,3,0.25,1,0.5114758014678955,0.5086216330528259,0.5149579048156738,0.009346050210297108,0.009219227358698845,0.009789704345166683,0.029361482680750735,trajectory
s1,gru,GRU,3,0.25,16,0.066982701420784,0.06536009907722473,0.06900407373905182,0.008967872709035873,0.008839033544063568,0.009571196511387825,0.028173403021035496,trajectory
s1,gru,GRU,3,0.25,128,0.006664084270596504,0.006360582076013088,0.0067644426599144936,0.00906264316290617,0.008929729461669922,0.009673560038208961,0.02847113318269179,trajectory
s1,gru,GRU,3,0.25,512,0.006154567003250122,0.005825144238770008,0.006377581972628832,0.00901694968342781,0.00899566151201725,0.009739724919199944,0.02832758288324562,trajectory
s1,gru,GRU,3,0.25,2048,0.003565192688256502,0.0034286226145923138,0.003612580941990018,0.009090457111597061,0.00891567301005125,0.009999535977840424,0.028558513279566416,survived
s1,lstm,LSTM,3,0.25,0,1.0,1.0,1.0,0.016944361850619316,0.0166761577129364,0.0170302651822567,0.05323228270967279,trajectory
s1,lstm,LSTM,3,0.25,1,0.4675469994544983,0.4673081636428833,0.4709610342979431,0.0075115421786904335,0.007293039932847023,0.007858091965317726,0.023598205725703734,trajectory
s1,lstm,LSTM,3,0.25,16,0.017381295561790466,0.01596919074654579,0.01906348019838333,0.006646688096225262,0.006498103495687246,0.006940656807273626,0.02088118649380401,trajectory
s1,lstm,LSTM,3,0.25,128,0.006355231162160635,0.0062912628054618835,0.006407424341887236,0.006666087545454502,0.006501172669231892,0.006936320103704929,0.02094213166098628,trajectory
s1,lstm,LSTM,3,0.25,512,0.005240653641521931,0.00501869386062026,0.005758458748459816,0.006696690805256367,0.006471305154263973,0.006931425537914038,0.021038274637155716,trajectory
s1,lstm,LSTM,3,0.25,2048,0.0017975409282371402,0.0013413046253845096,0.00397371593862772,0.006464072503149509,0.006208439357578754,0.006869758479297161,0.020307482688166283,survived
s1,calru,CA-LRU,3,0.25,0,1.0,1.0,1.0,0.004209202714264393,0.003659437410533428,0.005576894152909517,0.013223600324603233,trajectory
s1,calru,CA-LRU,3,0.25,1,0.7407118678092957,0.7394671440124512,0.7531607747077942,0.003267466090619564,0.002929640468209982,0.004475775640457869,0.010265047466144183,trajectory
s1,calru,CA-LRU,3,0.25,16,0.26330411434173584,0.25933969020843506,0.3006638288497925,0.0019726427271962166,0.0017615476390346885,0.002672491129487753,0.006197239899916968,trajectory
s1,calru,CA-LRU,3,0.25,128,0.2564547657966614,0.25542837381362915,0.2945775091648102,0.0020580573473125696,0.0018008026527240872,0.0026865580584853888,0.006465577842983666,trajectory
s1,calru,CA-LRU,3,0.25,512,0.2564547657966614,0.25542837381362915,0.294559121131897,0.002058090176433325,0.0018008031183853745,0.002686559222638607,0.006465680978708255,trajectory
s1,calru,CA-LRU,3,0.25,2048,0.2564547657966614,0.25542837381362915,0.2944909632205963,0.002058199141174555,0.0018008031183853745,0.002686559222638607,0.006466023301538803,survived
t2,rnn,RNN,0,0.05,0,,,,,,,,ineligible_id
t2,rnn,RNN,0,0.05,1,,,,,,,,ineligible_id
t2,rnn,RNN,0,0.05,16,,,,,,,,ineligible_id
t2,rnn,RNN,0,0.05,128,,,,,,,,ineligible_id
t2,rnn,RNN,0,0.05,512,,,,,,,,ineligible_id
t2,rnn,RNN,0,0.05,2048,,,,,,,,ineligible_id
t2,gru,GRU,3,0.05,0,1.0,1.0,1.0,0.0033043520525097847,0.0032937973737716675,0.003353285603225231,0.010380928133039095,trajectory
t2,gru,GRU,3,0.05,1,0.5061130523681641,0.504586398601532,0.5083724856376648,0.0029270437080413103,0.002923025283962488,0.002995678223669529,0.009195579009918808,trajectory
t2,gru,GRU,3,0.05,16,0.19023841619491577,0.1902165412902832,0.19225499033927917,0.00251282867975533,0.0024734162725508213,0.00261310744099319,0.007894284120049083,trajectory
t2,gru,GRU,3,0.05,128,0.15673738718032837,0.15268024802207947,0.1639551818370819,0.002551332116127014,0.0025280234403908253,0.0027113202959299088,0.008015246232892329,trajectory
t2,gru,GRU,3,0.05,512,0.14609643816947937,0.13797087967395782,0.16041669249534607,0.0026195989921689034,0.0025154862087219954,0.0030010053887963295,0.008229712949149053,trajectory
t2,gru,GRU,3,0.05,2048,0.06840675324201584,0.06036726385354996,0.09735219180583954,0.0029980496037751436,0.0027861048001796007,0.003872522385790944,0.009418650610317781,survived
t2,lstm,LSTM,3,0.05,0,1.0,1.0,1.0,0.0044853948056697845,0.00433083763346076,0.004578141495585442,0.014091283369942012,trajectory
t2,lstm,LSTM,3,0.05,1,0.5101473331451416,0.508192777633667,0.5104427337646484,0.0020087910816073418,0.0019800588488578796,0.002016855636611581,0.006310803304574319,trajectory
t2,lstm,LSTM,3,0.05,16,0.1361566185951233,0.13507311046123505,0.1397167444229126,0.0019044458167627454,0.0018903830787166953,0.0019062213832512498,0.005982992987101654,trajectory
t2,lstm,LSTM,3,0.05,128,0.11726885288953781,0.11491432785987854,0.12031885981559753,0.001946240896359086,0.001929808990098536,0.001973353559151292,0.006114296102117719,trajectory
t2,lstm,LSTM,3,0.05,512,0.0999479591846466,0.09887043386697769,0.10774196684360504,0.0021335307974368334,0.0020236836280673742,0.0021850294433534145,0.006702684679435128,trajectory
t2,lstm,LSTM,3,0.05,2048,0.028855491429567337,0.026287198066711426,0.06793498992919922,0.0024243746884167194,0.0021213404834270477,0.00381846958771348,0.007616397710679009,survived
t2,calru,CA-LRU,3,0.05,0,1.0,1.0,1.0,0.0014031914761289954,0.0013466933742165565,0.0014416412450373173,0.00440825603298667,trajectory
t2,calru,CA-LRU,3,0.05,1,0.7504833936691284,0.7494256496429443,0.7519491910934448,0.0010700863786041737,0.0010144688421860337,0.0010793203255161643,0.003361775505729378,trajectory
t2,calru,CA-LRU,3,0.05,16,0.33202052116394043,0.3017576336860657,0.3374921679496765,0.0004400466859806329,0.00040840989095158875,0.000450753461336717,0.001382447435913291,trajectory
t2,calru,CA-LRU,3,0.05,128,0.3306517004966736,0.2983147203922272,0.3360211253166199,0.00043854699470102787,0.0004109198343940079,0.0004473693552426994,0.001377736016806631,trajectory
t2,calru,CA-LRU,3,0.05,512,0.3306517004966736,0.2983147203922272,0.3360211253166199,0.00043854699470102787,0.00041092041647061706,0.000447369267931208,0.001377736016806631,trajectory
t2,calru,CA-LRU,3,0.05,2048,0.3306517004966736,0.2983147203922272,0.3360211253166199,0.00043854699470102787,0.00041092041647061706,0.000447369267931208,0.001377736016806631,survived
t2,rnn,RNN,0,0.1,0,,,,,,,,ineligible_id
t2,rnn,RNN,0,0.1,1,,,,,,,,ineligible_id
t2,rnn,RNN,0,0.1,16,,,,,,,,ineligible_id
t2,rnn,RNN,0,0.1,128,,,,,,,,ineligible_id
t2,rnn,RNN,0,0.1,512,,,,,,,,ineligible_id
t2,rnn,RNN,0,0.1,2048,,,,,,,,ineligible_id
t2,gru,GRU,3,0.1,0,1.0,1.0,1.0,0.006610100157558918,0.006590705364942551,0.006703740917146206,0.02076624209447983,trajectory
t2,gru,GRU,3,0.1,1,0.506222128868103,0.5045660734176636,0.5084168314933777,0.00585595378652215,0.005849077366292477,0.005990804173052311,0.018397021395499317,trajectory
t2,gru,GRU,3,0.1,16,0.19039727747440338,0.19027139246463776,0.19189241528511047,0.0050284224562346935,0.004947926849126816,0.00522802397608757,0.015797255047652857,trajectory
t2,gru,GRU,3,0.1,128,0.1569991111755371,0.15252482891082764,0.16417831182479858,0.005106569733470678,0.005055694840848446,0.005423976574093103,0.01604276195971547,trajectory
t2,gru,GRU,3,0.1,512,0.14514502882957458,0.13811776041984558,0.1593174785375595,0.005233174655586481,0.005036009009927511,0.005999798886477947,0.016440503052942784,trajectory
t2,gru,GRU,3,0.1,2048,0.068062424659729,0.05768938362598419,0.09205573052167892,0.006149808876216412,0.00574760977178812,0.007277012802660465,0.01932019438650278,survived
t2,lstm,LSTM,3,0.1,0,1.0,1.0,1.0,0.008970818482339382,0.008661018684506416,0.009162320755422115,0.02818265744080494,trajectory
t2,lstm,LSTM,3,0.1,1,0.5095455050468445,0.5080627202987671,0.5105843544006348,0.0040164366364479065,0.003959509544074535,0.004036762751638889,0.012618007830673642,trajectory
t2,lstm,LSTM,3,0.1,16,0.1363239884376526,0.1347394585609436,0.1396920084953308,0.0038093028124421835,0.0037798085249960423,0.003811151720583439,0.0119672777308673,trajectory
t2,lstm,LSTM,3,0.1,128,0.11766719818115234,0.1150781661272049,0.12046653032302856,0.0038911299780011177,0.0038577697705477476,0.003946254029870033,0.012224345353051325,trajectory
t2,lstm,LSTM,3,0.1,512,0.09992661327123642,0.09918002784252167,0.1071925014257431,0.004265085328370333,0.004055208992213011,0.004370937589555979,0.013399160734541848,trajectory
t2,lstm,LSTM,3,0.1,2048,0.025219038128852844,0.021798353642225266,0.06153086945414543,0.005117662716656923,0.004891473799943924,0.006689439527690411,0.016077611594199775,survived
t2,calru,CA-LRU,3,0.1,0,1.0,1.0,1.0,0.002811003942042589,0.002694397233426571,0.0028832454700022936,0.008831029333532947,trajectory
t2,calru,CA-LRU,3,0.1,1,0.7505320310592651,0.7494926452636719,0.7519020438194275,0.0021403892897069454,0.002029739087447524,0.002161989454180002,0.006724231268365615,trajectory
t2,calru,CA-LRU,3,0.1,16,0.33203932642936707,0.30168288946151733,0.3375086784362793,0.0008805686957202852,0.0008169990032911301,0.0009029239881783724,0.002766388145455994,trajectory
t2,calru,CA-LRU,3,0.1,128,0.33066612482070923,0.2982702851295471,0.3360087275505066,0.0008775143651291728,0.0008218662696890533,0.0008961240528151393,0.0027567926829093208,trajectory
t2,calru,CA-LRU,3,0.1,512,0.33066612482070923,0.2982702851295471,0.3360087275505066,0.0008775143651291728,0.0008218676084652543,0.0008961240528151393,0.0027567926829093208,trajectory
t2,calru,CA-LRU,3,0.1,2048,0.33066612482070923,0.2982702851295471,0.3360087275505066,0.0008775143651291728,0.0008218676084652543,0.0008961240528151393,0.0027567926829093208,survived
t2,rnn,RNN,0,0.25,0,,,,,,,,ineligible_id
t2,rnn,RNN,0,0.25,1,,,,,,,,ineligible_id
t2,rnn,RNN,0,0.25,16,,,,,,,,ineligible_id
t2,rnn,RNN,0,0.25,128,,,,,,,,ineligible_id
t2,rnn,RNN,0,0.25,512,,,,,,,,ineligible_id
t2,rnn,RNN,0,0.25,2048,,,,,,,,ineligible_id
t2,gru,GRU,3,0.25,0,1.0,1.0,1.0,0.016555430367588997,0.01652253419160843,0.01675926335155964,0.05201041841983496,trajectory
t2,gru,GRU,3,0.25,1,0.506134569644928,0.5045515894889832,0.5080624222755432,0.014668122865259647,0.014660199172794819,0.014989107847213745,0.04608126703545218,trajectory
t2,gru,GRU,3,0.25,16,0.19008661806583405,0.18857553601264954,0.19021868705749512,0.012600699439644814,0.012387402355670929,0.013095064088702202,0.03958626478968117,trajectory
t2,gru,GRU,3,0.25,128,0.15649618208408356,0.1531909853219986,0.1629190444946289,0.012807073071599007,0.012648014351725578,0.013577688485383987,0.04023460667572311,trajectory
t2,gru,GRU,3,0.25,512,0.14244285225868225,0.1392890214920044,0.15480095148086548,0.01307028066366911,0.012662531808018684,0.014986637979745865,0.0410614977133396,trajectory
t2,gru,GRU,3,0.25,2048,0.05731143802404404,0.0387108214199543,0.07397504150867462,0.015972375869750977,0.014772908762097359,0.01676763780415058,0.05017869869278455,survived
t2,lstm,LSTM,3,0.25,0,1.0,1.0,1.0,0.02246399223804474,0.021685190498828888,0.022997908294200897,0.07057271298533949,trajectory
t2,lstm,LSTM,3,0.25,1,0.5096942186355591,0.507870078086853,0.5098447203636169,0.010038037784397602,0.009899549186229706,0.010120140388607979,0.03153542575992027,trajectory
t2,lstm,LSTM,3,0.25,16,0.1363902986049652,0.13467402756214142,0.1390083134174347,0.009521665051579475,0.00944625586271286,0.009529158473014832,0.02991319297598476,trajectory
t2,lstm,LSTM,3,0.25,128,0.11783035844564438,0.11514179408550262,0.12141355872154236,0.009721022099256516,0.009634286165237427,0.009865207597613335,0.030539491612408296,trajectory
t2,lstm,LSTM,3,0.25,512,0.09930985420942307,0.09918837249279022,0.10741110146045685,0.010642776265740395,0.010208971798419952,0.010913942009210587,0.03343526773024984,trajectory
t2,lstm,LSTM,3,0.25,2048,0.01760784164071083,0.016797378659248352,0.0420386865735054,0.014413938857614994,0.011895515955984592,0.016143670305609703,0.04528272442437572,survived
t2,calru,CA-LRU,3,0.25,0,1.0,1.0,1.0,0.007076122798025608,0.006753719411790371,0.007218741811811924,0.022230295398176503,trajectory
t2,calru,CA-LRU,3,0.25,1,0.750546932220459,0.749481201171875,0.7518984079360962,0.00536067970097065,0.005088070873171091,0.005440918728709221,0.016841071966817323,trajectory
t2,calru,CA-LRU,3,0.25,16,0.33206161856651306,0.30167603492736816,0.33748364448547363,0.002208821475505829,0.0020477548241615295,0.0022751258220523596,0.006939217320540479,trajectory
t2,calru,CA-LRU,3,0.25,128,0.3306702971458435,0.2982757091522217,0.335996150970459,0.002200962509959936,0.0020588524639606476,0.0022579494398087263,0.006914527652116687,trajectory
t2,calru,CA-LRU,3,0.25,512,0.3306702971458435,0.2982757091522217,0.335996150970459,0.002200962509959936,0.002058853395283222,0.0022579494398087263,0.006914527652116687,trajectory
t2,calru,CA-LRU,3,0.25,2048,0.3306702971458435,0.2982757091522217,0.335996150970459,0.002200962509959936,0.002058853395283222,0.0022579494398087263,0.006914527652116687,survived
s2,rnn,RNN,0,0.05,0,,,,,,,,ineligible_id
s2,rnn,RNN,0,0.05,1,,,,,,,,ineligible_id
s2,rnn,RNN,0,0.05,16,,,,,,,,ineligible_id
s2,rnn,RNN,0,0.05,128,,,,,,,,ineligible_id
s2,rnn,RNN,0,0.05,512,,,,,,,,ineligible_id
s2,rnn,RNN,0,0.05,2048,,,,,,,,ineligible_id
s2,gru,GRU,0,0.05,0,,,,,,,,ineligible_id
s2,gru,GRU,0,0.05,1,,,,,,,,ineligible_id
s2,gru,GRU,0,0.05,16,,,,,,,,ineligible_id
s2,gru,GRU,0,0.05,128,,,,,,,,ineligible_id
s2,gru,GRU,0,0.05,512,,,,,,,,ineligible_id
s2,gru,GRU,0,0.05,2048,,,,,,,,ineligible_id
s2,lstm,LSTM,3,0.05,0,1.0,1.0,1.0,0.005342529620975256,0.005133564583957195,0.005430704448372126,0.016784051808841727,trajectory
s2,lstm,LSTM,3,0.05,1,0.4993917644023895,0.49819809198379517,0.5000675916671753,0.0025839495938271284,0.002500230213627219,0.0026114166248589754,0.008117717061213637,trajectory
s2,lstm,LSTM,3,0.05,16,0.1581013798713684,0.1512114554643631,0.16108307242393494,0.002413348061963916,0.002305775647982955,0.00242166081443429,0.007581756542021003,trajectory
s2,lstm,LSTM,3,0.05,128,0.15221810340881348,0.1468246579170227,0.15422359108924866,0.002423901343718171,0.0022985441610217094,0.002427848754450679,0.007614910654451435,trajectory
s2,lstm,LSTM,3,0.05,512,0.12595833837985992,0.1166926845908165,0.1265644133090973,0.0025307543110102415,0.0024796295911073685,0.0025883843190968037,0.007950599151510473,trajectory
s2,lstm,LSTM,3,0.05,2048,0.04083678871393204,0.01207921002060175,0.06405720114707947,0.003682126756757498,0.003184159751981497,0.004799577407538891,0.011567742368615767,survived
s2,calru,CA-LRU,1,0.05,0,1.0,1.0,1.0,0.0019062473438680172,0.0019062473438680172,0.0019062473438680172,0.005988652651420819,trajectory
s2,calru,CA-LRU,1,0.05,1,0.7489347457885742,0.7489347457885742,0.7489347457885742,0.0017188109923154116,0.0017188109923154116,0.0017188109923154116,0.005399803986367479,trajectory
s2,calru,CA-LRU,1,0.05,16,0.2997821569442749,0.2997821569442749,0.2997821569442749,0.0014760646736249328,0.0014760646736249328,0.0014760646736249328,0.004637193934883504,trajectory
s2,calru,CA-LRU,1,0.05,128,0.2970997989177704,0.2970997989177704,0.2970997989177704,0.0014832160668447614,0.0014832160668447614,0.0014832160668447614,0.00465966069928585,trajectory
s2,calru,CA-LRU,1,0.05,512,0.2970997989177704,0.2970997989177704,0.2970997989177704,0.001483379164710641,0.001483379164710641,0.001483379164710641,0.004660173086343113,trajectory
s2,calru,CA-LRU,1,0.05,2048,0.2970997989177704,0.2970997989177704,0.2970997989177704,0.001483379164710641,0.001483379164710641,0.001483379164710641,0.004660173086343113,survived
s2,rnn,RNN,0,0.1,0,,,,,,,,ineligible_id
s2,rnn,RNN,0,0.1,1,,,,,,,,ineligible_id
s2,rnn,RNN,0,0.1,16,,,,,,,,ineligible_id
s2,rnn,RNN,0,0.1,128,,,,,,,,ineligible_id
s2,rnn,RNN,0,0.1,512,,,,,,,,ineligible_id
s2,rnn,RNN,0,0.1,2048,,,,,,,,ineligible_id
s2,gru,GRU,0,0.1,0,,,,,,,,ineligible_id
s2,gru,GRU,0,0.1,1,,,,,,,,ineligible_id
s2,gru,GRU,0,0.1,16,,,,,,,,ineligible_id
s2,gru,GRU,0,0.1,128,,,,,,,,ineligible_id
s2,gru,GRU,0,0.1,512,,,,,,,,ineligible_id
s2,gru,GRU,0,0.1,2048,,,,,,,,ineligible_id
s2,lstm,LSTM,3,0.1,0,1.0,1.0,1.0,0.010690196417272091,0.0102662593126297,0.010863824747502804,0.03358424252993393,trajectory
s2,lstm,LSTM,3,0.1,1,0.4995293617248535,0.49822306632995605,0.5004055500030518,0.005170030053704977,0.005002067424356937,0.005223031155765057,0.016242128435558,trajectory
s2,lstm,LSTM,3,0.1,16,0.15859109163284302,0.15083014965057373,0.16030864417552948,0.004827619530260563,0.004612790420651436,0.004843534901738167,0.015166414050593192,trajectory
s2,lstm,LSTM,3,0.1,128,0.1520782709121704,0.1462332010269165,0.15422022342681885,0.00484802620485425,0.004600495100021362,0.004857315216213465,0.015230523509580917,trajectory
s2,lstm,LSTM,3,0.1,512,0.12469995021820068,0.11640970408916473,0.12703126668930054,0.005065568722784519,0.004943361505866051,0.005171009339392185,0.015913953485754077,trajectory
s2,lstm,LSTM,3,0.1,2048,0.03576356917619705,0.007796977646648884,0.05971671640872955,0.007092760410159826,0.006521407514810562,0.007242410909384489,0.02228256399823064,survived
s2,calru,CA-LRU,1,0.1,0,1.0,1.0,1.0,0.0038137505762279034,0.0038137505762279034,0.0038137505762279034,0.011981250792901422,trajectory
s2,calru,CA-LRU,1,0.1,1,0.7489587068557739,0.7489587068557739,0.7489587068557739,0.003438614308834076,0.003438614308834076,0.003438614308834076,0.010802725451161878,trajectory
s2,calru,CA-LRU,1,0.1,16,0.29968947172164917,0.29968947172164917,0.29968947172164917,0.0029535554349422455,0.0029535554349422455,0.0029535554349422455,0.009278868056384764,trajectory
s2,calru,CA-LRU,1,0.1,128,0.2971218526363373,0.2971218526363373,0.2971218526363373,0.0029658889397978783,0.0029658889397978783,0.0029658889397978783,0.009317614904632234,trajectory
s2,calru,CA-LRU,1,0.1,512,0.2971218526363373,0.2971218526363373,0.2971218526363373,0.0029660898726433516,0.0029660898726433516,0.0029660898726433516,0.009318246153783438,trajectory
s2,calru,CA-LRU,1,0.1,2048,0.2971218526363373,0.2971218526363373,0.2971218526363373,0.0029660898726433516,0.0029660898726433516,0.0029660898726433516,0.009318246153783438,survived
s2,rnn,RNN,0,0.25,0,,,,,,,,ineligible_id
s2,rnn,RNN,0,0.25,1,,,,,,,,ineligible_id
s2,rnn,RNN,0,0.25,16,,,,,,,,ineligible_id
s2,rnn,RNN,0,0.25,128,,,,,,,,ineligible_id
s2,rnn,RNN,0,0.25,512,,,,,,,,ineligible_id
s2,rnn,RNN,0,0.25,2048,,,,,,,,ineligible_id
s2,gru,GRU,0,0.25,0,,,,,,,,ineligible_id
s2,gru,GRU,0,0.25,1,,,,,,,,ineligible_id
s2,gru,GRU,0,0.25,16,,,,,,,,ineligible_id
s2,gru,GRU,0,0.25,128,,,,,,,,ineligible_id
s2,gru,GRU,0,0.25,512,,,,,,,,ineligible_id
s2,gru,GRU,0,0.25,2048,,,,,,,,ineligible_id
s2,lstm,LSTM,3,0.25,0,1.0,1.0,1.0,0.02677066996693611,0.025666989386081696,0.027176164090633392,0.08410254009980339,trajectory
s2,lstm,LSTM,3,0.25,1,0.4970318377017975,0.4964233636856079,0.4974481165409088,0.012940294109284878,0.012518259696662426,0.013060711324214935,0.040653132909020645,trajectory
s2,lstm,LSTM,3,0.25,16,0.15400992333889008,0.14760366082191467,0.1542440801858902,0.012069819495081902,0.011541282758116722,0.012107884511351585,0.03791845625590417,trajectory
s2,lstm,LSTM,3,0.25,128,0.14761382341384888,0.14347581565380096,0.1477174311876297,0.012121766805648804,0.011518588289618492,0.012152863666415215,0.038081653545154893,trajectory
s2,lstm,LSTM,3,0.25,512,0.11322984099388123,0.09986720234155655,0.12025894224643707,0.012691939249634743,0.012271049432456493,0.012792006134986877,0.03987290310646046,trajectory
s2,lstm,LSTM,3,0.25,2048,0.021940141916275024,0.0034165577962994576,0.03791850805282593,0.0162271186709404,0.014052709564566612,0.01685914769768715,0.05097899680555613,survived
s2,calru,CA-LRU,1,0.25,0,1.0,1.0,1.0,0.009544037282466888,0.009544037282466888,0.009544037282466888,0.02998347741218507,trajectory
s2,calru,CA-LRU,1,0.25,1,0.7489633560180664,0.7489633560180664,0.7489633560180664,0.008603679947555065,0.008603679947555065,0.008603679947555065,0.02702925771707681,trajectory
s2,calru,CA-LRU,1,0.25,16,0.29965919256210327,0.29965919256210327,0.29965919256210327,0.007386956363916397,0.007386956363916397,0.007386956363916397,0.023206807845268122,trajectory
s2,calru,CA-LRU,1,0.25,128,0.297116219997406,0.297116219997406,0.297116219997406,0.007418166846036911,0.007418166846036911,0.007418166846036911,0.023304858466612927,trajectory
s2,calru,CA-LRU,1,0.25,512,0.297116219997406,0.297116219997406,0.297116219997406,0.007418293505907059,0.007418293505907059,0.007418293505907059,0.023305256380330486,trajectory
s2,calru,CA-LRU,1,0.25,2048,0.297116219997406,0.297116219997406,0.297116219997406,0.007418293505907059,0.007418293505907059,0.007418293505907059,0.023305256380330486,survived
