job_id,model,topology,seed,selection_regime,bottleneck_h1,bottleneck_h2,bottleneck_mean,bottleneck_mean_over_threshold,detected_h1,detected_h2,expected_h1,expected_h2,finite,h1_persistence_1,h1_persistence_2,h1_persistence_3,h2_persistence_1,h2_persistence_2,horizon,knn_scale,signature_distance,signature_match,zero_knn_fraction,task_success,validation_error
pilot__rnn__s1__seed12,rnn,s1,12,ring-selected zero-retuning,0.6757993698120117,0.04316902160644531,0.3594841957092285,0.06266755325300427,1,0,1,0,True,10.637144684791565,0.0,0.0,0.08633804321289062,0.08230304718017578,0,0.49550032928905197,0,True,0.0,True,0.02054002322256565
pilot__rnn__s1__seed12,rnn,s1,12,ring-selected zero-retuning,0.9504575729370117,0.04181861877441406,0.4961380958557129,0.0864899233790818,1,0,1,0,True,9.965638935565948,0.0,0.0,0.08363723754882812,0.08358478546142578,128,0.6964501757301682,0,True,0.0,True,0.02054002322256565
pilot__rnn__s1__seed12,rnn,s1,12,ring-selected zero-retuning,7.569302082061768,0.2418041229248047,3.905553102493286,0.6808406599073499,1,0,1,0,True,15.138604164123535,0.0,0.0,0.4836082458496094,0.2085132598876953,512,0.3597979374402328,0,True,0.0,True,0.02054002322256565
pilot__rnn__s1__seed12,rnn,s1,12,ring-selected zero-retuning,5.736368775367737,4.76837158203125e-07,2.8681846261024475,0.5000000415626311,0,0,1,0,True,2.292724609375,0.0,0.0,0.0,0.0,2048,0.04632918532406578,1,False,0.0,True,0.02054002322256565
pilot__rnn__s1__seed12,rnn,s1,12,ring-selected zero-retuning,5.736368775367737,4.76837158203125e-07,2.8681846261024475,0.5000000415626311,0,0,1,0,True,1.8175807781517506e-05,1.4927703887224197e-05,0.0,0.0,0.0,4096,0.0019853680842799983,1,False,0.0,True,0.02054002322256565
pilot__gru__s1__seed12,gru,s1,12,ring-selected zero-retuning,0.07635974884033203,0.057788848876953125,0.06707429885864258,0.011692814999388302,1,0,1,0,True,11.361303269863129,0.0,0.0,0.11557769775390625,0.11010360717773438,0,0.35086475037667886,0,True,0.0,True,0.0054211486130952835
pilot__gru__s1__seed12,gru,s1,12,ring-selected zero-retuning,0.36737060546875,0.0681309700012207,0.21775078773498535,0.037959691271945144,1,0,1,0,True,11.755857020616531,0.0,0.0,0.1362619400024414,0.1269969940185547,128,0.34840684980808523,0,True,0.0,True,0.0054211486130952835
pilot__gru__s1__seed12,gru,s1,12,ring-selected zero-retuning,1.1924781799316406,0.08479976654052734,0.638638973236084,0.11133157546956057,1,0,1,0,True,12.444660127162933,0.0,0.0,0.1695995330810547,0.1525440216064453,512,0.32590408806674237,0,True,0.0,True,0.0054211486130952835
pilot__gru__s1__seed12,gru,s1,12,ring-selected zero-retuning,9.190328598022461,0.2725658416748047,4.731447219848633,0.8248157336337425,1,0,1,0,True,18.380657196044922,0.0,0.0,0.5451316833496094,0.3601341247558594,2048,0.19407570994466122,0,True,0.0,True,0.0054211486130952835
pilot__gru__s1__seed12,gru,s1,12,ring-selected zero-retuning,9.996503829956055,0.4238719940185547,5.210187911987305,0.9082728318235257,1,0,1,0,True,19.99300765991211,0.0,0.0,0.8477439880371094,0.8071937561035156,4096,0.10448943372425434,0,True,0.0,True,0.0054211486130952835
pilot__lstm__s1__seed10,lstm,s1,10,ring-selected zero-retuning,0.6932907104492188,0.054945945739746094,0.3741183280944824,0.06521866754818237,1,0,1,0,True,10.757853865623474,0.0,0.0,0.10989189147949219,0.09856128692626953,0,0.44421960204532973,0,True,0.0,True,0.0044144196435809135
pilot__lstm__s1__seed10,lstm,s1,10,ring-selected zero-retuning,0.4593067169189453,0.05148458480834961,0.25539565086364746,0.04452218134237282,1,0,1,0,True,10.925264954566956,0.0,0.0,0.10296916961669922,0.09905433654785156,128,0.43080757334424835,0,True,0.0,True,0.0044144196435809135
pilot__lstm__s1__seed10,lstm,s1,10,ring-selected zero-retuning,2.834527015686035,0.09443235397338867,1.464479684829712,0.2552973391665932,1,0,1,0,True,13.076958060264587,0.0,0.0,0.18886470794677734,0.15989208221435547,512,0.33435217139389284,0,True,0.0,True,0.0044144196435809135
pilot__lstm__s1__seed10,lstm,s1,10,ring-selected zero-retuning,5.736368775367737,4.76837158203125e-07,2.8681846261024475,0.5000000415626311,1,0,1,0,True,6.453807830810547,0.0,0.0,0.0,0.0,2048,0.07332801524639049,0,True,0.0,True,0.0044144196435809135
pilot__lstm__s1__seed10,lstm,s1,10,ring-selected zero-retuning,5.736368775367737,4.76837158203125e-07,2.8681846261024475,0.5000000415626311,0,0,1,0,True,0.0,0.0,0.0,0.0,0.0,4096,0.018915747758785347,1,False,0.0,True,0.0044144196435809135
broad__calru__s1__lr0p01_eta1000_i50__seed10,calru,s1,10,topology-specific validation-selected,0.4831562042236328,0.052410125732421875,0.26778316497802734,0.046681650964962726,1,0,1,0,True,10.97090357542038,0.0,0.0,0.10482025146484375,0.09566211700439453,0,0.1438521870835451,0,True,0.0,True,0.0027899411506950855
broad__calru__s1__lr0p01_eta1000_i50__seed10,calru,s1,10,topology-specific validation-selected,0.4153156280517578,0.055998802185058594,0.2356572151184082,0.04108125267858169,1,0,1,0,True,11.0377716422081,0.0,0.0,0.11199760437011719,0.10734844207763672,128,0.1420057181858716,0,True,0.0,True,0.0027899411506950855
broad__calru__s1__lr0p01_eta1000_i50__seed10,calru,s1,10,topology-specific validation-selected,0.4152383804321289,0.05595541000366211,0.2355968952178955,0.04107073733292056,1,0,1,0,True,11.037846893072128,0.0,0.0,0.11191082000732422,0.10727119445800781,512,0.14200475984502384,0,True,0.0,True,0.0027899411506950855
broad__calru__s1__lr0p01_eta1000_i50__seed10,calru,s1,10,topology-specific validation-selected,0.4149332046508789,0.05578184127807617,0.23535752296447754,0.04102900845132462,1,0,1,0,True,11.038141429424286,0.0,0.0,0.11156368255615234,0.10728740692138672,2048,0.1420009308126694,0,True,0.0,True,0.0027899411506950855
broad__calru__s1__lr0p01_eta1000_i50__seed10,calru,s1,10,topology-specific validation-selected,0.41452598571777344,0.05555105209350586,0.23503851890563965,0.040973397650950746,1,0,1,0,True,11.038534462451935,0.0,0.0,0.11110210418701172,0.10730171203613281,4096,0.1419958362155495,0,True,0.0,True,0.0027899411506950855
broad__hc__s1__lr0p01_a0p01_bm0p1_eta1000_i50__seed10,hc,s1,10,topology-specific CA-aware selected,0.027662545442581177,0.05933856964111328,0.04350055754184723,0.007583291668527461,1,0,1,0,True,11.453416794538498,0.0,0.0,0.11867713928222656,0.11071491241455078,0,0.2247756111821604,0,True,0.0,True,0.016481805592775345
broad__hc__s1__lr0p01_a0p01_bm0p1_eta1000_i50__seed10,hc,s1,10,topology-specific CA-aware selected,0.17762184143066406,0.06248903274536133,0.1200554370880127,0.02092882131350009,1,0,1,0,True,11.612633526325226,0.0,0.0,0.12497806549072266,0.10204315185546875,128,0.22747632171665771,0,True,0.0,True,0.016481805592775345
broad__hc__s1__lr0p01_a0p01_bm0p1_eta1000_i50__seed10,hc,s1,10,topology-specific CA-aware selected,1.3780269622802734,0.07500982284545898,0.7265183925628662,0.12665127034415458,1,0,1,0,True,12.653461396694183,0.0,0.0,0.15001964569091797,0.13149738311767578,512,0.20851196221967716,0,True,0.0,True,0.016481805592775345
broad__hc__s1__lr0p01_a0p01_bm0p1_eta1000_i50__seed10,hc,s1,10,topology-specific CA-aware selected,9.249547004699707,0.24093914031982422,4.745243072509766,0.8272207137180726,1,0,1,0,True,18.60972285270691,0.0,0.0,0.48187828063964844,0.43764305114746094,2048,0.13080513413553788,0,True,0.0,True,0.016481805592775345
broad__hc__s1__lr0p01_a0p01_bm0p1_eta1000_i50__seed10,hc,s1,10,topology-specific CA-aware selected,12.860712051391602,0.7850074768066406,6.822859764099121,1.1894039646469092,1,0,1,0,True,25.721424102783203,0.0,0.0,1.5700149536132812,1.3397483825683594,4096,0.07099425276262551,0,True,0.0,True,0.016481805592775345
pilot__rnn__t2__seed11,rnn,t2,11,ring-selected zero-retuning,0.7623858451843262,0.5855257511138916,0.6739557981491089,1.151026742832386,6,0,2,1,True,1.1110751628875732,0.9710463285446167,0.8836946487426758,0.3341503143310547,0.3152322769165039,0,1.1614208362138276,5,False,0.0,False,0.04420476034283638
pilot__rnn__t2__seed11,rnn,t2,11,ring-selected zero-retuning,0.7989005148410797,0.5855257511138916,0.6922131329774857,1.1822078391268604,3,0,2,1,True,0.7919784784317017,0.7624017000198364,0.6627669334411621,0.35776805877685547,0.3064565658569336,128,1.3783978880376822,2,False,0.0,False,0.04420476034283638
pilot__rnn__t2__seed11,rnn,t2,11,ring-selected zero-retuning,0.6743139624595642,0.5855257511138916,0.6299198567867279,1.0758192198863703,1,0,2,1,True,1.1072219610214233,0.5616476535797119,0.4133918285369873,0.17216801643371582,0.05919468402862549,512,1.3164512985611674,2,False,0.0,False,0.04420476034283638
pilot__rnn__t2__seed11,rnn,t2,11,ring-selected zero-retuning,0.6462281942367554,0.5774815082550049,0.6118548512458801,1.0449665963997323,4,0,2,1,True,1.142906129360199,0.9322545528411865,0.8566256761550903,0.1414794921875,0.13823986053466797,2048,0.7628882134325045,3,False,0.0,False,0.04420476034283638
pilot__rnn__t2__seed11,rnn,t2,11,ring-selected zero-retuning,2.8265225291252136,0.5855257511138916,1.7060241401195526,2.913662015503245,2,0,2,1,True,5.653045058250427,0.7834171056747437,0.3114957809448242,0.3295869827270508,0.11061525344848633,4096,0.24017167346759835,1,False,0.0,False,0.04420476034283638
pilot__gru__t2__seed12,gru,t2,12,ring-selected zero-retuning,0.1251842975616455,0.06626236438751221,0.09572333097457886,0.16348270044908675,2,1,2,1,True,1.5741591453552246,1.5720763802528381,0.42282432317733765,1.1687957048416138,0.13252472877502441,0,1.6951283654251186,0,True,0.0,True,0.01263304241001606
pilot__gru__t2__seed12,gru,t2,12,ring-selected zero-retuning,0.17531335353851318,0.1449195146560669,0.16011643409729004,0.27345754442513925,2,1,2,1,True,1.6208648681640625,1.561187982559204,0.4751860499382019,1.067327618598938,0.1479017734527588,128,1.7199564744378883,0,True,0.0,True,0.01263304241001606
pilot__gru__t2__seed12,gru,t2,12,ring-selected zero-retuning,0.3680322766304016,0.5855257511138916,0.4767790138721466,0.8142750561612917,4,1,2,1,True,1.7116632461547852,1.5044714212417603,0.7360645532608032,0.79994797706604,0.19574308395385742,512,1.5729461568300167,2,False,0.0,True,0.01263304241001606
pilot__gru__t2__seed12,gru,t2,12,ring-selected zero-retuning,1.3573005199432373,0.5855257511138916,0.9714131355285645,1.6590442583960978,8,1,2,1,True,2.7146010398864746,1.9062163829803467,1.8461236953735352,0.8066596984863281,0.5103144645690918,2048,0.6990509104795886,6,False,0.0,True,0.01263304241001606
pilot__gru__t2__seed12,gru,t2,12,ring-selected zero-retuning,1.4470579624176025,0.7226753234863281,1.0848666429519653,1.8528077388366582,4,1,2,1,True,2.894115924835205,2.0089035034179688,1.6054267883300781,1.4453506469726562,0.41559410095214844,4096,0.45446561214442094,2,False,0.0,True,0.01263304241001606
pilot__lstm__t2__seed12,lstm,t2,12,ring-selected zero-retuning,0.19193807244300842,0.16568660736083984,0.17881233990192413,0.3053876615362439,2,1,2,1,True,1.5325945615768433,1.4506118893623352,0.5348125696182251,0.933110237121582,0.14175963401794434,0,1.571780470911851,0,True,0.0,True,0.010496674105525017
pilot__lstm__t2__seed12,lstm,t2,12,ring-selected zero-retuning,0.28034842014312744,0.29100072383880615,0.2856745719909668,0.48789412156084616,3,1,2,1,True,1.5766328573226929,1.5759838819503784,0.7529515027999878,0.8594528436660767,0.12359952926635742,128,1.553593129267921,1,False,0.0,True,0.010496674105525017
pilot__lstm__t2__seed12,lstm,t2,12,ring-selected zero-retuning,0.5488999485969543,0.5855257511138916,0.567212849855423,0.9687240036435109,6,0,2,1,True,1.7014617919921875,1.645801603794098,1.0977998971939087,0.4570732116699219,0.18239974975585938,512,1.3622426454956558,5,False,0.0,True,0.010496674105525017
pilot__lstm__t2__seed12,lstm,t2,12,ring-selected zero-retuning,0.9396069049835205,0.5855257511138916,0.762566328048706,1.3023617263596285,5,0,2,1,True,1.879213809967041,1.7847282886505127,1.1624033451080322,0.3027224540710449,0.24568605422973633,2048,0.6784283920340686,4,False,0.0,True,0.010496674105525017
pilot__lstm__t2__seed12,lstm,t2,12,ring-selected zero-retuning,2.5467586517333984,0.5855257511138916,1.566142201423645,2.6747622943043066,2,0,2,1,True,5.093517303466797,2.3219480514526367,0.49982166290283203,0.4760856628417969,0.0,4096,0.25868339973248167,1,False,0.0,True,0.010496674105525017
broad__calru__t2__lr0p01_eta1000_i50__seed10,calru,t2,10,topology-specific validation-selected,0.12683475017547607,0.06823289394378662,0.09753382205963135,0.16657477809316687,2,1,2,1,True,1.527442455291748,1.5196978449821472,0.4502013325691223,1.1059434413909912,0.13646578788757324,0,0.9231956796210192,0,True,0.0,True,0.004256655462086201
broad__calru__t2__lr0p01_eta1000_i50__seed10,calru,t2,10,topology-specific validation-selected,0.12665802240371704,0.06807291507720947,0.09736546874046326,0.16628725304606548,2,1,2,1,True,1.5286933779716492,1.5214359164237976,0.4510939121246338,1.1044398546218872,0.13614583015441895,128,0.9226336470012582,0,True,0.0,True,0.004256655462086201
broad__calru__t2__lr0p01_eta1000_i50__seed10,calru,t2,10,topology-specific validation-selected,0.12665802240371704,0.06807291507720947,0.09736546874046326,0.16628725304606548,2,1,2,1,True,1.5286933779716492,1.5214359164237976,0.4510939121246338,1.1044398546218872,0.13614583015441895,512,0.9226336470012582,0,True,0.0,True,0.004256655462086201
broad__calru__t2__lr0p01_eta1000_i50__seed10,calru,t2,10,topology-specific validation-selected,0.12665802240371704,0.06807291507720947,0.09736546874046326,0.16628725304606548,2,1,2,1,True,1.5286933779716492,1.5214359164237976,0.4510939121246338,1.1044398546218872,0.13614583015441895,2048,0.9226336470012582,0,True,0.0,True,0.004256655462086201
broad__calru__t2__lr0p01_eta1000_i50__seed10,calru,t2,10,topology-specific validation-selected,0.12665802240371704,0.06807291507720947,0.09736546874046326,0.16628725304606548,2,1,2,1,True,1.5286933779716492,1.5214359164237976,0.4510939121246338,1.1044398546218872,0.13614583015441895,4096,0.9226336470012582,0,True,0.0,True,0.004256655462086201
attractor_robust__hc__t2__f2_lr0p01_a0p025_bm0p1_eta1000_i50__seed12,hc,t2,12,topology-specific CA-aware selected,0.10572797060012817,0.057822585105895996,0.08177527785301208,0.139661283380696,2,1,2,1,True,1.5370805859565735,1.5328404903411865,0.45948314666748047,1.1706857681274414,0.13379573822021484,0,1.1464372462709633,0,True,0.0,True,0.03299389034509659
attractor_robust__hc__t2__f2_lr0p01_a0p025_bm0p1_eta1000_i50__seed12,hc,t2,12,topology-specific CA-aware selected,0.1242908239364624,0.052106380462646484,0.08819860219955444,0.15063146587791795,2,1,2,1,True,1.5413763523101807,1.4632747769355774,0.4790305495262146,1.144205093383789,0.12454724311828613,128,1.1702220517027913,0,True,0.0,True,0.03299389034509659
attractor_robust__hc__t2__f2_lr0p01_a0p025_bm0p1_eta1000_i50__seed12,hc,t2,12,topology-specific CA-aware selected,0.21299594640731812,0.241754412651062,0.22737517952919006,0.38832652380640204,3,1,2,1,True,1.463356077671051,1.3194902539253235,0.6305927634239197,0.9545503854751587,0.12141823768615723,512,1.1616785414851645,1,False,0.0,True,0.03299389034509659
attractor_robust__hc__t2__f2_lr0p01_a0p025_bm0p1_eta1000_i50__seed12,hc,t2,12,topology-specific CA-aware selected,0.5458389520645142,0.5855257511138916,0.5656823515892029,0.9661101164433177,7,0,2,1,True,1.3533328771591187,1.0916779041290283,0.8483316898345947,0.31255340576171875,0.2782018184661865,2048,1.0784155113175387,6,False,0.0,True,0.03299389034509659
attractor_robust__hc__t2__f2_lr0p01_a0p025_bm0p1_eta1000_i50__seed12,hc,t2,12,topology-specific CA-aware selected,0.9311352968215942,0.5855257511138916,0.7583305239677429,1.295127537132417,7,0,2,1,True,1.8622705936431885,1.3537824153900146,1.2273750305175781,0.349517822265625,0.31743621826171875,4096,0.7063713854019478,6,False,0.0,True,0.03299389034509659
pilot__rnn__s2__seed10,rnn,s2,10,ring-selected zero-retuning,0.31346607208251953,1.3058854341506958,0.8096757531166077,0.6200205101783631,0,0,0,1,True,0.24777376651763916,0.1449655294418335,0.09980368614196777,0.0,0.0,0,0.25357524008284593,1,False,0.0,False,0.2955823242664337
pilot__rnn__s2__seed10,rnn,s2,10,ring-selected zero-retuning,0.31346607208251953,1.3058854341506958,0.8096757531166077,0.6200205101783631,0,0,0,1,True,0.007673710584640503,0.003024578094482422,0.0,0.0,0.0,128,0.2853056548677094,1,False,0.0,False,0.2955823242664337
pilot__rnn__s2__seed10,rnn,s2,10,ring-selected zero-retuning,1.1012191772460938,1.3058854341506958,1.2035523056983948,0.9216369784238729,1,0,0,1,True,2.2024383544921875,0.6658744812011719,0.0,0.0,0.0,512,0.15651875624943218,2,False,0.0,False,0.2955823242664337
pilot__rnn__s2__seed10,rnn,s2,10,ring-selected zero-retuning,2.6436805725097656,1.3058854341506958,1.9747830033302307,1.5122176507118816,2,0,0,1,True,5.287361145019531,4.63885498046875,0.3072471618652344,0.0,0.0,2048,0.1595271612828561,3,False,0.0,False,0.2955823242664337
pilot__rnn__s2__seed10,rnn,s2,10,ring-selected zero-retuning,1.1421566009521484,1.3058854341506958,1.2240210175514221,0.9373111802472048,1,0,0,1,True,2.284313201904297,0.0,0.0,0.0,0.0,4096,0.14724131361044868,2,False,0.0,False,0.2955823242664337
pilot__gru__s2__seed10,gru,s2,10,ring-selected zero-retuning,0.226809561252594,0.564755916595459,0.3957827389240265,0.3030761570454535,0,1,0,1,True,0.7272546291351318,0.5656600594520569,0.5060808062553406,2.0384914875030518,0.0,0,1.3082310798173538,0,True,0.0,False,0.02658451721072197
pilot__gru__s2__seed10,gru,s2,10,ring-selected zero-retuning,0.637103259563446,1.29107666015625,0.964089959859848,0.7382653444533286,0,1,0,1,True,1.274206519126892,0.8736945986747742,0.6301305294036865,1.62052321434021,0.019588708877563477,128,1.3535824626666721,0,True,0.0,False,0.02658451721072197
pilot__gru__s2__seed10,gru,s2,10,ring-selected zero-retuning,0.5807647109031677,1.3058854341506958,0.9433250725269318,0.722364342121971,0,1,0,1,True,1.1615294218063354,1.1558811664581299,1.0787441730499268,1.3344440460205078,0.0,512,0.9700502351328167,0,True,0.0,False,0.02658451721072197
pilot__gru__s2__seed10,gru,s2,10,ring-selected zero-retuning,3.3004276752471924,1.3058854341506958,2.303156554698944,1.7636742814248787,1,0,0,1,True,6.600855350494385,1.192056655883789,0.8453025817871094,0.0,0.0,2048,0.24696714173201542,2,False,0.0,False,0.02658451721072197
pilot__gru__s2__seed10,gru,s2,10,ring-selected zero-retuning,3.1502227783203125,1.3058854341506958,2.228054106235504,1.706163533162123,2,0,0,1,True,6.300445556640625,3.1984405517578125,0.04964017868041992,0.0,0.0,4096,0.02453988167312056,3,False,0.0,False,0.02658451721072197
pilot__lstm__s2__seed12,lstm,s2,12,ring-selected zero-retuning,0.12426972389221191,0.39170658588409424,0.2579881548881531,0.19755803085125911,0,1,0,1,True,0.60448157787323,0.552006721496582,0.49344635009765625,2.0554319620132446,0.0,0,1.1755775771848667,0,True,0.0,True,0.012160596437752247
pilot__lstm__s2__seed12,lstm,s2,12,ring-selected zero-retuning,0.34990406036376953,0.4970359802246094,0.42347002029418945,0.3242780792402361,0,1,0,1,True,0.8132227659225464,0.5338041186332703,0.47062504291534424,1.992177963256836,0.0,128,1.1968528249724706,0,True,0.0,True,0.012160596437752247
pilot__lstm__s2__seed12,lstm,s2,12,ring-selected zero-retuning,0.698995053768158,1.3058854341506958,1.0024402439594269,0.767632609832562,1,1,0,1,True,1.397990107536316,0.7644531726837158,0.6600141525268555,1.3707151412963867,0.0,512,0.9660168494572836,1,False,0.0,True,0.012160596437752247
pilot__lstm__s2__seed12,lstm,s2,12,ring-selected zero-retuning,2.4279098510742188,1.3058854341506958,1.8668976426124573,1.4296029297750954,2,0,0,1,True,4.8558197021484375,1.7150073051452637,0.6732580661773682,0.2677116394042969,0.048270225524902344,2048,0.39827048289456635,3,False,0.0,True,0.012160596437752247
pilot__lstm__s2__seed12,lstm,s2,12,ring-selected zero-retuning,4.588080406188965,1.3058854341506958,2.9469829201698303,2.2566933079289986,2,0,0,1,True,9.17616081237793,6.356163024902344,1.1226723194122314,0.0,0.0,4096,0.15387229500087213,3,False,0.0,True,0.012160596437752247
broad__calru__s2__lr0p003_eta1000_i50__seed10,calru,s2,10,topology-specific validation-selected,0.23347735404968262,0.26900291442871094,0.2512401342391968,0.19239063984398827,0,1,0,1,True,0.7797526121139526,0.6633850932121277,0.5905276536941528,2.113174796104431,0.011973857879638672,0,0.32332361767863593,0,True,0.0,True,0.02049138955771923
broad__calru__s2__lr0p003_eta1000_i50__seed10,calru,s2,10,topology-specific validation-selected,0.22899842262268066,0.2702920436859131,0.24964523315429688,0.19116932207506993,0,1,0,1,True,0.7790765762329102,0.6555936932563782,0.5924997329711914,2.1152994632720947,0.0,128,0.32152157474866305,0,True,0.0,True,0.02049138955771923
broad__calru__s2__lr0p003_eta1000_i50__seed10,calru,s2,10,topology-specific validation-selected,0.22899842262268066,0.2702920436859131,0.24964523315429688,0.19116932207506993,0,1,0,1,True,0.7790765762329102,0.6555936932563782,0.5924997329711914,2.1152994632720947,0.0,512,0.32152157474865994,0,True,0.0,True,0.02049138955771923
broad__calru__s2__lr0p003_eta1000_i50__seed10,calru,s2,10,topology-specific validation-selected,0.22899842262268066,0.2702920436859131,0.24964523315429688,0.19116932207506993,0,1,0,1,True,0.7790765762329102,0.6555936932563782,0.5924997329711914,2.1152994632720947,0.0,2048,0.32152157474865994,0,True,0.0,True,0.02049138955771923
broad__calru__s2__lr0p003_eta1000_i50__seed10,calru,s2,10,topology-specific validation-selected,0.22899842262268066,0.2702920436859131,0.24964523315429688,0.19116932207506993,0,1,0,1,True,0.7790765762329102,0.6555936932563782,0.5924997329711914,2.1152994632720947,0.0,4096,0.32152157474865994,0,True,0.0,True,0.02049138955771923
refine__hc__s2__lr0p003_a0p05_bm0p3_eta1000_i50__seed10,hc,s2,10,topology-specific CA-aware selected,0.21534454822540283,0.20933008193969727,0.21233731508255005,0.16260026303199188,0,1,0,1,True,0.6916791200637817,0.5699719190597534,0.4955216646194458,2.6284737586975098,0.0,0,0.9598220413291432,0,True,0.0,True,0.021639784798026085
refine__hc__s2__lr0p003_a0p05_bm0p3_eta1000_i50__seed10,hc,s2,10,topology-specific CA-aware selected,0.20749926567077637,0.6832008361816406,0.4453500509262085,0.3410330181191195,0,1,0,1,True,0.6321266293525696,0.5310924649238586,0.5058202743530273,1.9985568523406982,0.0,128,1.014655623838955,0,True,0.0,True,0.021639784798026085
refine__hc__s2__lr0p003_a0p05_bm0p3_eta1000_i50__seed10,hc,s2,10,topology-specific CA-aware selected,0.5429152846336365,0.8283681869506836,0.68564173579216,0.5250397300266072,0,1,0,1,True,1.085830569267273,1.0625298619270325,0.9034872055053711,1.8331105709075928,0.0,512,1.0095109887825024,0,True,0.0,True,0.021639784798026085
refine__hc__s2__lr0p003_a0p05_bm0p3_eta1000_i50__seed10,hc,s2,10,topology-specific CA-aware selected,1.3164901733398438,1.3058854341506958,1.3111878037452698,1.0040603635325962,3,0,0,1,True,2.6329803466796875,2.4676995277404785,1.7193474769592285,0.4819936752319336,0.0,2048,0.3552190502340705,4,False,0.0,True,0.021639784798026085
refine__hc__s2__lr0p003_a0p05_bm0p3_eta1000_i50__seed10,hc,s2,10,topology-specific CA-aware selected,7.320924758911133,1.3058854341506958,4.313405096530914,3.3030501633064073,3,0,0,1,True,14.641849517822266,8.397594451904297,6.568134307861328,0.493133544921875,0.0,4096,0.06833941743210342,4,False,0.0,True,0.021639784798026085
