causal_state_norm_mean,causal_state_norm_ratio_to_h0,clean_output_displacement_mean,diverged,finite,horizon,job_id,memory_error_mean,memory_error_median,model,output_norm_error_mean,seed,topology,task_success,selection_regime,source_analysis
2.61112904548645,1.0,0.0,False,True,0,pilot__gru__s1__seed10,0.012848205864429474,0.011223670095205307,gru,0.012681287713348866,10,s1,True,ring-selected zero-retuning,baseline_all_v2
2.557035207748413,0.9812843799591064,0.004229342099279165,False,True,16,pilot__gru__s1__seed10,0.014330479316413403,0.011427436955273151,gru,0.011518958956003189,10,s1,True,ring-selected zero-retuning,baseline_all_v2
2.585543632507324,0.9919965267181396,0.015387214720249176,False,True,128,pilot__gru__s1__seed10,0.023523865267634392,0.019795861095190048,gru,0.01350701879709959,10,s1,True,ring-selected zero-retuning,baseline_all_v2
2.6097002029418945,1.0013011693954468,0.05976320803165436,False,True,512,pilot__gru__s1__seed10,0.06584368646144867,0.060716282576322556,gru,0.014930972829461098,10,s1,True,ring-selected zero-retuning,baseline_all_v2
2.67533278465271,1.0269641876220703,0.2121874988079071,False,True,2048,pilot__gru__s1__seed10,0.21796345710754395,0.1967291682958603,gru,0.01809653267264366,10,s1,True,ring-selected zero-retuning,baseline_all_v2
2.691107749938965,1.0332581996917725,0.3280673623085022,False,True,4096,pilot__gru__s1__seed10,0.33382707834243774,0.31899493932724,gru,0.01810084655880928,10,s1,True,ring-selected zero-retuning,baseline_all_v2
2.626837968826294,1.0,0.0,False,True,0,pilot__gru__s1__seed11,0.016336694359779358,0.01637856476008892,gru,0.011141023598611355,11,s1,True,ring-selected zero-retuning,baseline_all_v2
2.5772643089294434,0.982917308807373,0.004474741872400045,False,True,16,pilot__gru__s1__seed11,0.018814781680703163,0.018148722127079964,gru,0.01001708209514618,11,s1,True,ring-selected zero-retuning,baseline_all_v2
2.595691680908203,0.9897921085357666,0.019491739571094513,False,True,128,pilot__gru__s1__seed11,0.03171011805534363,0.030144430696964264,gru,0.008478489704430103,11,s1,True,ring-selected zero-retuning,baseline_all_v2
2.5859169960021973,0.9862735271453857,0.07578280568122864,False,True,512,pilot__gru__s1__seed11,0.08615502715110779,0.09169786423444748,gru,0.009466075338423252,11,s1,True,ring-selected zero-retuning,baseline_all_v2
2.580580711364746,0.9858754277229309,0.26941290497779846,False,True,2048,pilot__gru__s1__seed11,0.27912843227386475,0.31029313802719116,gru,0.01066216453909874,11,s1,True,ring-selected zero-retuning,baseline_all_v2
2.6240453720092773,1.0031940937042236,0.4594203531742096,False,True,4096,pilot__gru__s1__seed11,0.4691162109375,0.5836486220359802,gru,0.011262045241892338,11,s1,True,ring-selected zero-retuning,baseline_all_v2
2.554021120071411,1.0,0.0,False,True,0,pilot__gru__s1__seed12,0.00803274754434824,0.006686906795948744,gru,0.007667018100619316,12,s1,True,ring-selected zero-retuning,baseline_all_v2
2.495561122894287,0.9789014458656311,0.003963829018175602,False,True,16,pilot__gru__s1__seed12,0.00932891946285963,0.008476264774799347,gru,0.008461873047053814,12,s1,True,ring-selected zero-retuning,baseline_all_v2
2.516119956970215,0.9866820573806763,0.007665197364985943,False,True,128,pilot__gru__s1__seed12,0.01221607904881239,0.011006014421582222,gru,0.004660898819565773,12,s1,True,ring-selected zero-retuning,baseline_all_v2
2.523059606552124,0.9893885850906372,0.026681385934352875,False,True,512,pilot__gru__s1__seed12,0.029187709093093872,0.02375577576458454,gru,0.004979904741048813,12,s1,True,ring-selected zero-retuning,baseline_all_v2
2.5407159328460693,0.996272087097168,0.0900036096572876,False,True,2048,pilot__gru__s1__seed12,0.09233290702104568,0.07211951166391373,gru,0.005558909382671118,12,s1,True,ring-selected zero-retuning,baseline_all_v2
2.5492730140686035,0.999658465385437,0.1435682475566864,False,True,4096,pilot__gru__s1__seed12,0.14589998126029968,0.13182568550109863,gru,0.0052807386964559555,12,s1,True,ring-selected zero-retuning,baseline_all_v2
3.680727481842041,1.0,4.267331678420305e-05,False,True,0,pilot__gru__s2__seed10,0.03839696943759918,0.03424031659960747,gru,0.030103694647550583,10,s2,False,ring-selected zero-retuning,baseline_all_v2
3.5837931632995605,0.975511908531189,0.016008339822292328,False,True,16,pilot__gru__s2__seed10,0.04034142196178436,0.03564039245247841,gru,0.015139460563659668,10,s2,False,ring-selected zero-retuning,baseline_all_v2
3.6019721031188965,0.9803212881088257,0.04482016712427139,False,True,128,pilot__gru__s2__seed10,0.06283643841743469,0.05534388870000839,gru,0.013662055134773254,10,s2,False,ring-selected zero-retuning,baseline_all_v2
3.594511032104492,0.9784330129623413,0.13519051671028137,False,True,512,pilot__gru__s2__seed10,0.14666831493377686,0.1259419173002243,gru,0.011511496268212795,10,s2,False,ring-selected zero-retuning,baseline_all_v2
3.586012125015259,0.97648024559021,0.264619916677475,False,True,2048,pilot__gru__s2__seed10,0.2730656862258911,0.23392978310585022,gru,0.011738087981939316,10,s2,False,ring-selected zero-retuning,baseline_all_v2
3.5293822288513184,0.9611656665802002,0.3242199122905731,False,True,4096,pilot__gru__s2__seed10,0.3299750089645386,0.28464820981025696,gru,0.013382013887166977,10,s2,False,ring-selected zero-retuning,baseline_all_v2
4.703997611999512,1.0,4.3427444325061515e-05,False,True,0,pilot__gru__s2__seed11,0.39166033267974854,0.37295010685920715,gru,0.6808550953865051,11,s2,False,ring-selected zero-retuning,baseline_all_v2
3.789462089538574,0.8051625490188599,0.14694252610206604,False,True,16,pilot__gru__s2__seed11,0.4014687240123749,0.3698636591434479,gru,0.7194726467132568,11,s2,False,ring-selected zero-retuning,baseline_all_v2
4.374035835266113,1.0173165798187256,0.2834281027317047,False,True,128,pilot__gru__s2__seed11,0.4594355821609497,0.44342052936553955,gru,0.7575280666351318,11,s2,False,ring-selected zero-retuning,baseline_all_v2
4.363605976104736,1.0211279392242432,0.37842488288879395,False,True,512,pilot__gru__s2__seed11,0.4899168610572815,0.48039400577545166,gru,0.8323827981948853,11,s2,False,ring-selected zero-retuning,baseline_all_v2
4.36772346496582,1.0213924646377563,0.45835304260253906,False,True,2048,pilot__gru__s2__seed11,0.5152572393417358,0.4985344707965851,gru,0.8343347311019897,11,s2,False,ring-selected zero-retuning,baseline_all_v2
4.368662357330322,1.0215662717819214,0.4616793990135193,False,True,4096,pilot__gru__s2__seed11,0.5160493850708008,0.4993569552898407,gru,0.8340597152709961,11,s2,False,ring-selected zero-retuning,baseline_all_v2
6.050107002258301,1.0,4.090385846211575e-05,False,True,0,pilot__gru__s2__seed12,0.40518200397491455,0.4012530446052551,gru,0.7863850593566895,12,s2,False,ring-selected zero-retuning,baseline_all_v2
6.0943803787231445,1.0302850008010864,0.14535492658615112,False,True,16,pilot__gru__s2__seed12,0.4237595796585083,0.39322251081466675,gru,0.8556474447250366,12,s2,False,ring-selected zero-retuning,baseline_all_v2
6.152844429016113,1.0481030941009521,0.250260591506958,False,True,128,pilot__gru__s2__seed12,0.450212299823761,0.4202694296836853,gru,0.9288287162780762,12,s2,False,ring-selected zero-retuning,baseline_all_v2
6.157022953033447,1.0488389730453491,0.3630256652832031,False,True,512,pilot__gru__s2__seed12,0.4694412350654602,0.46181392669677734,gru,0.9572352766990662,12,s2,False,ring-selected zero-retuning,baseline_all_v2
6.1579155921936035,1.048980474472046,0.42295682430267334,False,True,2048,pilot__gru__s2__seed12,0.47796154022216797,0.46488717198371887,gru,0.9635586738586426,12,s2,False,ring-selected zero-retuning,baseline_all_v2
6.157886981964111,1.0489754676818848,0.4280216097831726,False,True,4096,pilot__gru__s2__seed12,0.4784072935581207,0.45945170521736145,gru,0.9635725021362305,12,s2,False,ring-selected zero-retuning,baseline_all_v2
3.2794599533081055,1.0,0.0,False,True,0,pilot__gru__t2__seed10,0.020356740802526474,0.01909336820244789,gru,0.01606520637869835,10,t2,True,ring-selected zero-retuning,baseline_all_v2
3.2543702125549316,0.992901623249054,0.006689256988465786,False,True,16,pilot__gru__t2__seed10,0.02330082468688488,0.02266639471054077,gru,0.014599872753024101,10,t2,True,ring-selected zero-retuning,baseline_all_v2
3.279208183288574,1.0005080699920654,0.025330660864710808,False,True,128,pilot__gru__t2__seed10,0.03921594098210335,0.03954140469431877,gru,0.014287504367530346,10,t2,True,ring-selected zero-retuning,baseline_all_v2
3.2840139865875244,1.0021699666976929,0.09260843694210052,False,True,512,pilot__gru__t2__seed10,0.10388992726802826,0.10480538755655289,gru,0.014798533171415329,10,t2,True,ring-selected zero-retuning,baseline_all_v2
3.2778313159942627,1.0010323524475098,0.2856341600418091,False,True,2048,pilot__gru__t2__seed10,0.2951326370239258,0.3090517520904541,gru,0.015317044220864773,10,t2,True,ring-selected zero-retuning,baseline_all_v2
3.2746987342834473,1.000133991241455,0.3892630934715271,False,True,4096,pilot__gru__t2__seed10,0.39412230253219604,0.3460589647293091,gru,0.015941310673952103,10,t2,True,ring-selected zero-retuning,baseline_all_v2
3.3391833305358887,1.0,0.0,False,True,0,pilot__gru__t2__seed11,0.018806081265211105,0.016597967594861984,gru,0.01918739080429077,11,t2,True,ring-selected zero-retuning,baseline_all_v2
3.298442840576172,0.9883530139923096,0.00630972720682621,False,True,16,pilot__gru__t2__seed11,0.01919945701956749,0.016779782250523567,gru,0.016358645632863045,11,t2,True,ring-selected zero-retuning,baseline_all_v2
3.3210437297821045,0.9950673580169678,0.020725373178720474,False,True,128,pilot__gru__t2__seed11,0.030498728156089783,0.02852511778473854,gru,0.013410819694399834,11,t2,True,ring-selected zero-retuning,baseline_all_v2
3.3320016860961914,0.998400866985321,0.07392047345638275,False,True,512,pilot__gru__t2__seed11,0.08054406940937042,0.07576792687177658,gru,0.013499842956662178,11,t2,True,ring-selected zero-retuning,baseline_all_v2
3.3572535514831543,1.0061540603637695,0.20974579453468323,False,True,2048,pilot__gru__t2__seed11,0.21488597989082336,0.20527653396129608,gru,0.013565737754106522,11,t2,True,ring-selected zero-retuning,baseline_all_v2
3.3708696365356445,1.0103726387023926,0.28101488947868347,False,True,4096,pilot__gru__t2__seed11,0.2853781580924988,0.2779042720794678,gru,0.014334630221128464,11,t2,True,ring-selected zero-retuning,baseline_all_v2
3.3602795600891113,1.0,0.0,False,True,0,pilot__gru__t2__seed12,0.01867634803056717,0.016956208273768425,gru,0.01555845607072115,12,t2,True,ring-selected zero-retuning,baseline_all_v2
3.3291845321655273,0.9910150766372681,0.006424641236662865,False,True,16,pilot__gru__t2__seed12,0.019767852500081062,0.018720965832471848,gru,0.01368708536028862,12,t2,True,ring-selected zero-retuning,baseline_all_v2
3.349238395690918,0.9969667196273804,0.02101977728307247,False,True,128,pilot__gru__t2__seed12,0.0323110893368721,0.032320354133844376,gru,0.012460803613066673,12,t2,True,ring-selected zero-retuning,baseline_all_v2
3.3505780696868896,0.9974292516708374,0.0783153772354126,False,True,512,pilot__gru__t2__seed12,0.08696316182613373,0.08516775816679001,gru,0.012752724811434746,12,t2,True,ring-selected zero-retuning,baseline_all_v2
3.3663649559020996,1.002512812614441,0.24904721975326538,False,True,2048,pilot__gru__t2__seed12,0.2555898129940033,0.24547769129276276,gru,0.013556666672229767,12,t2,True,ring-selected zero-retuning,baseline_all_v2
3.3916382789611816,1.0103578567504883,0.3694674074649811,False,True,4096,pilot__gru__t2__seed12,0.3759673237800598,0.3557336926460266,gru,0.014444652944803238,12,t2,True,ring-selected zero-retuning,baseline_all_v2
3.0743088722229004,1.0,0.0,False,True,0,pilot__lstm__s1__seed10,0.007305831648409367,0.005937179550528526,lstm,0.004562992602586746,10,s1,True,ring-selected zero-retuning,baseline_all_v2
3.0250561237335205,0.9851707816123962,0.0021786384750157595,False,True,16,pilot__lstm__s1__seed10,0.00818334985524416,0.006730240304023027,lstm,0.003277675248682499,10,s1,True,ring-selected zero-retuning,baseline_all_v2
3.0301218032836914,0.9868190884590149,0.013893414288759232,False,True,128,pilot__lstm__s1__seed10,0.017771443352103233,0.015503162518143654,lstm,0.003273176494985819,10,s1,True,ring-selected zero-retuning,baseline_all_v2
3.0450878143310547,0.9917840957641602,0.05261564254760742,False,True,512,pilot__lstm__s1__seed10,0.055766187608242035,0.04483199492096901,lstm,0.0033254835288971663,10,s1,True,ring-selected zero-retuning,baseline_all_v2
3.0888760089874268,1.0069150924682617,0.15375392138957977,False,True,2048,pilot__lstm__s1__seed10,0.15674136579036713,0.14178037643432617,lstm,0.0038677488919347525,10,s1,True,ring-selected zero-retuning,baseline_all_v2
3.0982675552368164,1.010574460029602,0.19877684116363525,False,True,4096,pilot__lstm__s1__seed10,0.20171017944812775,0.18655629456043243,lstm,0.0044246697798371315,10,s1,True,ring-selected zero-retuning,baseline_all_v2
3.2863922119140625,1.0,0.0,False,True,0,pilot__lstm__s1__seed11,0.011403927579522133,0.008884557522833347,lstm,0.004931350704282522,11,s1,True,ring-selected zero-retuning,baseline_all_v2
3.235483407974243,0.9855651259422302,0.0021590390242636204,False,True,16,pilot__lstm__s1__seed11,0.012673246674239635,0.010267898440361023,lstm,0.003211820498108864,11,s1,True,ring-selected zero-retuning,baseline_all_v2
3.239243507385254,0.9867053627967834,0.014190256595611572,False,True,128,pilot__lstm__s1__seed11,0.02366270311176777,0.022185668349266052,lstm,0.0030963269528001547,11,s1,True,ring-selected zero-retuning,baseline_all_v2
3.2500195503234863,0.9900949001312256,0.05564495921134949,False,True,512,pilot__lstm__s1__seed11,0.0638849139213562,0.05356181040406227,lstm,0.0029484201222658157,11,s1,True,ring-selected zero-retuning,baseline_all_v2
3.257610321044922,0.9934334754943848,0.1975879967212677,False,True,2048,pilot__lstm__s1__seed11,0.2052226960659027,0.18142947554588318,lstm,0.0025984246749430895,11,s1,True,ring-selected zero-retuning,baseline_all_v2
3.2126688957214355,0.9807705283164978,0.3545573055744171,False,True,4096,pilot__lstm__s1__seed11,0.3621865510940552,0.3556947708129883,lstm,0.00329424231313169,11,s1,True,ring-selected zero-retuning,baseline_all_v2
3.2577881813049316,1.0,0.0,False,True,0,pilot__lstm__s1__seed12,0.011614957824349403,0.009625177830457687,lstm,0.005644255317747593,12,s1,True,ring-selected zero-retuning,baseline_all_v2
3.2077560424804688,0.9858056306838989,0.0018598207971081138,False,True,16,pilot__lstm__s1__seed12,0.012657166458666325,0.010684236884117126,lstm,0.0038832584396004677,12,s1,True,ring-selected zero-retuning,baseline_all_v2
3.2113194465637207,0.9868396520614624,0.011614003218710423,False,True,128,pilot__lstm__s1__seed12,0.021768871694803238,0.018909605219960213,lstm,0.0038418881595134735,12,s1,True,ring-selected zero-retuning,baseline_all_v2
3.2201714515686035,0.9894113540649414,0.04452585428953171,False,True,512,pilot__lstm__s1__seed12,0.05394308269023895,0.039779096841812134,lstm,0.004271711688488722,12,s1,True,ring-selected zero-retuning,baseline_all_v2
3.2270777225494385,0.9916353821754456,0.13044574856758118,False,True,2048,pilot__lstm__s1__seed12,0.13956597447395325,0.10395532101392746,lstm,0.004101008642464876,12,s1,True,ring-selected zero-retuning,baseline_all_v2
3.226017951965332,0.9916034936904907,0.1861652135848999,False,True,4096,pilot__lstm__s1__seed12,0.19528129696846008,0.16120998561382294,lstm,0.0030859382823109627,12,s1,True,ring-selected zero-retuning,baseline_all_v2
3.0702643394470215,1.0,4.274665843695402e-05,False,True,0,pilot__lstm__s2__seed10,0.02404998242855072,0.021422790363430977,lstm,0.011983977630734444,10,s2,True,ring-selected zero-retuning,baseline_all_v2
2.9792327880859375,0.9717503786087036,0.007429828867316246,False,True,16,pilot__lstm__s2__seed10,0.02692435123026371,0.024052899330854416,lstm,0.008799256756901741,10,s2,True,ring-selected zero-retuning,baseline_all_v2
2.988018035888672,0.9745916128158569,0.041858166456222534,False,True,128,pilot__lstm__s2__seed10,0.05416218563914299,0.05163442716002464,lstm,0.011282587423920631,10,s2,True,ring-selected zero-retuning,baseline_all_v2
2.9823479652404785,0.9729442596435547,0.1508009135723114,False,True,512,pilot__lstm__s2__seed10,0.15990257263183594,0.16284102201461792,lstm,0.014481564052402973,10,s2,True,ring-selected zero-retuning,baseline_all_v2
2.95485782623291,0.9643954038619995,0.3461892902851105,False,True,2048,pilot__lstm__s2__seed10,0.35367903113365173,0.34833335876464844,lstm,0.016179848462343216,10,s2,True,ring-selected zero-retuning,baseline_all_v2
2.9027652740478516,0.947586715221405,0.47378164529800415,False,True,4096,pilot__lstm__s2__seed10,0.4800143539905548,0.5069301724433899,lstm,0.013967452570796013,10,s2,True,ring-selected zero-retuning,baseline_all_v2
3.190340995788574,1.0,4.4569816964212805e-05,False,True,0,pilot__lstm__s2__seed11,0.024964481592178345,0.02239549532532692,lstm,0.012331336736679077,11,s2,True,ring-selected zero-retuning,baseline_all_v2
3.1024575233459473,0.9737652540206909,0.007385994773358107,False,True,16,pilot__lstm__s2__seed11,0.02777811884880066,0.024519357830286026,lstm,0.009106514044106007,11,s2,True,ring-selected zero-retuning,baseline_all_v2
3.109130859375,0.9758143424987793,0.042285993695259094,False,True,128,pilot__lstm__s2__seed11,0.05464567244052887,0.05087624490261078,lstm,0.010038607753813267,11,s2,True,ring-selected zero-retuning,baseline_all_v2
3.1041054725646973,0.9744510650634766,0.15334051847457886,False,True,512,pilot__lstm__s2__seed11,0.16189143061637878,0.15402132272720337,lstm,0.009990101680159569,11,s2,True,ring-selected zero-retuning,baseline_all_v2
3.0376486778259277,0.954281210899353,0.36313170194625854,False,True,2048,pilot__lstm__s2__seed11,0.368505597114563,0.3411796987056732,lstm,0.007090279366821051,11,s2,True,ring-selected zero-retuning,baseline_all_v2
3.025475025177002,0.9503092765808105,0.4261890947818756,False,True,4096,pilot__lstm__s2__seed11,0.4305124878883362,0.4406720697879791,lstm,0.0063429889269173145,11,s2,True,ring-selected zero-retuning,baseline_all_v2
3.0333046913146973,1.0,3.919750815839507e-05,False,True,0,pilot__lstm__s2__seed12,0.01908738911151886,0.016821615397930145,lstm,0.01160943228751421,12,s2,True,ring-selected zero-retuning,baseline_all_v2
2.931241035461426,0.9678829908370972,0.006363334599882364,False,True,16,pilot__lstm__s2__seed12,0.02081863395869732,0.01834068074822426,lstm,0.007231513503938913,12,s2,True,ring-selected zero-retuning,baseline_all_v2
2.943592071533203,0.9718755483627319,0.02936330810189247,False,True,128,pilot__lstm__s2__seed12,0.039028096944093704,0.03560420870780945,lstm,0.008493432775139809,12,s2,True,ring-selected zero-retuning,baseline_all_v2
2.9527060985565186,0.9749565720558167,0.10718607902526855,False,True,512,pilot__lstm__s2__seed12,0.11371444910764694,0.10463543981313705,lstm,0.009765888564288616,12,s2,True,ring-selected zero-retuning,baseline_all_v2
2.9690866470336914,0.9809375405311584,0.2800474762916565,False,True,2048,pilot__lstm__s2__seed12,0.28589487075805664,0.2853485643863678,lstm,0.009804481640458107,12,s2,True,ring-selected zero-retuning,baseline_all_v2
2.9728446006774902,0.9822683334350586,0.3933311998844147,False,True,4096,pilot__lstm__s2__seed12,0.39859268069267273,0.4187227487564087,lstm,0.009120655246078968,12,s2,True,ring-selected zero-retuning,baseline_all_v2
3.104121446609497,1.0,0.0,False,True,0,pilot__lstm__t2__seed10,0.02161993831396103,0.02033030427992344,lstm,0.012021683156490326,10,t2,True,ring-selected zero-retuning,baseline_all_v2
3.0270586013793945,0.9765263199806213,0.005187551490962505,False,True,16,pilot__lstm__t2__seed10,0.024225233122706413,0.023356011137366295,lstm,0.010700398124754429,10,t2,True,ring-selected zero-retuning,baseline_all_v2
3.039499282836914,0.9806069731712341,0.03246215358376503,False,True,128,pilot__lstm__t2__seed10,0.047036997973918915,0.0473121739923954,lstm,0.011150537990033627,10,t2,True,ring-selected zero-retuning,baseline_all_v2
3.0618648529052734,0.9881590008735657,0.1197320967912674,False,True,512,pilot__lstm__t2__seed10,0.13192500174045563,0.13068605959415436,lstm,0.011691475287079811,10,t2,True,ring-selected zero-retuning,baseline_all_v2
3.0844335556030273,0.996376633644104,0.3117019832134247,False,True,2048,pilot__lstm__t2__seed10,0.3236995339393616,0.3263525366783142,lstm,0.010411655530333519,10,t2,True,ring-selected zero-retuning,baseline_all_v2
3.1051220893859863,1.0035597085952759,0.4450417757034302,False,True,4096,pilot__lstm__t2__seed10,0.45445913076400757,0.43062064051628113,lstm,0.008751360699534416,10,t2,True,ring-selected zero-retuning,baseline_all_v2
2.988346815109253,1.0,0.0,False,True,0,pilot__lstm__t2__seed11,0.021571535617113113,0.020328477025032043,lstm,0.012417012825608253,11,t2,True,ring-selected zero-retuning,baseline_all_v2
2.90651273727417,0.9740656614303589,0.004572023171931505,False,True,16,pilot__lstm__t2__seed11,0.02324099838733673,0.02173069678246975,lstm,0.010318422690033913,11,t2,True,ring-selected zero-retuning,baseline_all_v2
2.9145121574401855,0.9767487645149231,0.02937871590256691,False,True,128,pilot__lstm__t2__seed11,0.042335838079452515,0.040831636637449265,lstm,0.010245897807180882,11,t2,True,ring-selected zero-retuning,baseline_all_v2
2.932389259338379,0.9829638004302979,0.11048465222120285,False,True,512,pilot__lstm__t2__seed11,0.12036292254924774,0.11552911251783371,lstm,0.010874900966882706,11,t2,True,ring-selected zero-retuning,baseline_all_v2
2.984811305999756,1.0011358261108398,0.2925117015838623,False,True,2048,pilot__lstm__t2__seed11,0.3007262349128723,0.2874269485473633,lstm,0.01075378991663456,11,t2,True,ring-selected zero-retuning,baseline_all_v2
2.994295835494995,1.004410982131958,0.34817299246788025,False,True,4096,pilot__lstm__t2__seed11,0.3550170063972473,0.3182606101036072,lstm,0.009321333840489388,11,t2,True,ring-selected zero-retuning,baseline_all_v2
3.0512306690216064,1.0,0.0,False,True,0,pilot__lstm__t2__seed12,0.01609722152352333,0.015078620053827763,lstm,0.012252007611095905,12,t2,True,ring-selected zero-retuning,baseline_all_v2
2.9816970825195312,0.9783875942230225,0.004166669677942991,False,True,16,pilot__lstm__t2__seed12,0.017704827710986137,0.0167914517223835,lstm,0.009486779570579529,12,t2,True,ring-selected zero-retuning,baseline_all_v2
2.9897589683532715,0.9810287952423096,0.023930195719003677,False,True,128,pilot__lstm__t2__seed12,0.033544424921274185,0.03129195794463158,lstm,0.010610119439661503,12,t2,True,ring-selected zero-retuning,baseline_all_v2
3.0028645992279053,0.9853867292404175,0.08929109573364258,False,True,512,pilot__lstm__t2__seed12,0.0966072678565979,0.09247120469808578,lstm,0.0115693099796772,12,t2,True,ring-selected zero-retuning,baseline_all_v2
3.028231620788574,0.9940757751464844,0.27041226625442505,False,True,2048,pilot__lstm__t2__seed12,0.27664223313331604,0.2674691081047058,lstm,0.012266816571354866,12,t2,True,ring-selected zero-retuning,baseline_all_v2
3.062288284301758,1.0056676864624023,0.43821972608566284,False,True,4096,pilot__lstm__t2__seed12,0.4427586793899536,0.4253014326095581,lstm,0.012991897761821747,12,t2,True,ring-selected zero-retuning,baseline_all_v2
10.965177536010742,1.0,0.0,False,True,0,pilot__rnn__s1__seed10,0.18422965705394745,0.07401762157678604,rnn,0.319409042596817,10,s1,False,ring-selected zero-retuning,baseline_all_v2
10.968400001525879,1.0003294944763184,0.07860735803842545,False,True,16,pilot__rnn__s1__seed10,0.21422898769378662,0.08374805748462677,rnn,0.28443798422813416,10,s1,False,ring-selected zero-retuning,baseline_all_v2
11.021894454956055,1.005262017250061,0.26077836751937866,False,True,128,pilot__rnn__s1__seed10,0.2639325261116028,0.13914081454277039,rnn,0.20671042799949646,10,s1,False,ring-selected zero-retuning,baseline_all_v2
11.023690223693848,1.0054285526275635,0.3241310119628906,False,True,512,pilot__rnn__s1__seed10,0.3127618432044983,0.21472793817520142,rnn,0.2072107195854187,10,s1,False,ring-selected zero-retuning,baseline_all_v2
11.027154922485352,1.0057477951049805,0.3590760827064514,False,True,2048,pilot__rnn__s1__seed10,0.3453407287597656,0.25628453493118286,rnn,0.20669680833816528,10,s1,False,ring-selected zero-retuning,baseline_all_v2
11.03052806854248,1.006058931350708,0.37131452560424805,False,True,4096,pilot__rnn__s1__seed10,0.3578342795372009,0.26030078530311584,rnn,0.2076975405216217,10,s1,False,ring-selected zero-retuning,baseline_all_v2
6.031383514404297,1.0,0.0,False,True,0,pilot__rnn__s1__seed11,0.041949354112148285,0.03601422160863876,rnn,0.03403768688440323,11,s1,False,ring-selected zero-retuning,baseline_all_v2
6.025561332702637,0.9994235038757324,0.010555547662079334,False,True,16,pilot__rnn__s1__seed11,0.0432426854968071,0.03733305260539055,rnn,0.03437230736017227,11,s1,False,ring-selected zero-retuning,baseline_all_v2
6.090492248535156,1.0103131532669067,0.04172351211309433,False,True,128,pilot__rnn__s1__seed11,0.05918266624212265,0.04872072488069534,rnn,0.02279660478234291,11,s1,False,ring-selected zero-retuning,baseline_all_v2
6.07918119430542,1.00846529006958,0.1357998251914978,False,True,512,pilot__rnn__s1__seed11,0.14245229959487915,0.14331428706645966,rnn,0.022372230887413025,11,s1,False,ring-selected zero-retuning,baseline_all_v2
6.027026176452637,0.9998453855514526,0.2709692716598511,False,True,2048,pilot__rnn__s1__seed11,0.27637436985969543,0.2503795325756073,rnn,0.015751678496599197,11,s1,False,ring-selected zero-retuning,baseline_all_v2
6.027823448181152,0.9999794960021973,0.27276304364204407,False,True,4096,pilot__rnn__s1__seed11,0.2781677842140198,0.25254395604133606,rnn,0.015364881604909897,11,s1,False,ring-selected zero-retuning,baseline_all_v2
6.028400421142578,1.0,0.0,False,True,0,pilot__rnn__s1__seed12,0.03610914573073387,0.0312868170440197,rnn,0.02316942624747753,12,s1,True,ring-selected zero-retuning,baseline_all_v2
6.003604888916016,0.996242344379425,0.012692823074758053,False,True,16,pilot__rnn__s1__seed12,0.0425398051738739,0.036812592297792435,rnn,0.03214613348245621,12,s1,True,ring-selected zero-retuning,baseline_all_v2
6.110140800476074,1.0141429901123047,0.03242695331573486,False,True,128,pilot__rnn__s1__seed12,0.06348477303981781,0.058068595826625824,rnn,0.015542109496891499,12,s1,True,ring-selected zero-retuning,baseline_all_v2
6.120275974273682,1.0158112049102783,0.1008114144206047,False,True,512,pilot__rnn__s1__seed12,0.13139869272708893,0.11009596288204193,rnn,0.012873654253780842,12,s1,True,ring-selected zero-retuning,baseline_all_v2
6.195368766784668,1.0283663272857666,0.2160055935382843,False,True,2048,pilot__rnn__s1__seed12,0.24586090445518494,0.23592375218868256,rnn,0.013090778142213821,12,s1,True,ring-selected zero-retuning,baseline_all_v2
6.240301132202148,1.0358126163482666,0.2644372582435608,False,True,4096,pilot__rnn__s1__seed12,0.29389625787734985,0.2725757658481598,rnn,0.01464099995791912,12,s1,True,ring-selected zero-retuning,baseline_all_v2
6.054048538208008,1.0,4.129178705625236e-05,False,True,0,pilot__rnn__s2__seed10,0.34766000509262085,0.3250328302383423,rnn,0.5282596349716187,10,s2,False,ring-selected zero-retuning,baseline_all_v2
5.559202671051025,0.9251386523246765,0.1905946135520935,False,True,16,pilot__rnn__s2__seed10,0.35513126850128174,0.33233290910720825,rnn,0.5401122570037842,10,s2,False,ring-selected zero-retuning,baseline_all_v2
5.036723613739014,0.8433331847190857,0.28059011697769165,False,True,128,pilot__rnn__s2__seed10,0.3878890573978424,0.36872172355651855,rnn,0.29507341980934143,10,s2,False,ring-selected zero-retuning,baseline_all_v2
5.273466110229492,0.8838014602661133,0.38163691759109497,False,True,512,pilot__rnn__s2__seed10,0.4471837282180786,0.439100444316864,rnn,0.1795811802148819,10,s2,False,ring-selected zero-retuning,baseline_all_v2
5.417428016662598,0.9060240387916565,0.37668347358703613,False,True,2048,pilot__rnn__s2__seed10,0.4505276083946228,0.44620633125305176,rnn,0.16607871651649475,10,s2,False,ring-selected zero-retuning,baseline_all_v2
5.397919654846191,0.903335452079773,0.3796466886997223,False,True,4096,pilot__rnn__s2__seed10,0.45605432987213135,0.4605143368244171,rnn,0.15864364802837372,10,s2,False,ring-selected zero-retuning,baseline_all_v2
10.274839401245117,1.0,3.690544326673262e-05,False,True,0,pilot__rnn__s2__seed11,0.40530186891555786,0.37323084473609924,rnn,0.6861772537231445,11,s2,False,ring-selected zero-retuning,baseline_all_v2
10.221378326416016,0.9947500824928284,0.14350104331970215,False,True,16,pilot__rnn__s2__seed11,0.4284588694572449,0.38930773735046387,rnn,0.7929909229278564,11,s2,False,ring-selected zero-retuning,baseline_all_v2
10.314600944519043,1.0042643547058105,0.29809898138046265,False,True,128,pilot__rnn__s2__seed11,0.47607001662254333,0.4584508538246155,rnn,0.8525658845901489,11,s2,False,ring-selected zero-retuning,baseline_all_v2
10.33189582824707,1.0059539079666138,0.3178430199623108,False,True,512,pilot__rnn__s2__seed11,0.475225031375885,0.45496267080307007,rnn,0.8644022941589355,11,s2,False,ring-selected zero-retuning,baseline_all_v2
10.333066940307617,1.0060689449310303,0.3205801844596863,False,True,2048,pilot__rnn__s2__seed11,0.4723418951034546,0.45268815755844116,rnn,0.8635947704315186,11,s2,False,ring-selected zero-retuning,baseline_all_v2
10.333066940307617,1.0060689449310303,0.32058024406433105,False,True,4096,pilot__rnn__s2__seed11,0.4723418354988098,0.45268815755844116,rnn,0.8635947704315186,11,s2,False,ring-selected zero-retuning,baseline_all_v2
10.492203712463379,1.0,3.520818427205086e-05,False,True,0,pilot__rnn__s2__seed12,0.4796670079231262,0.4588219225406647,rnn,0.8166834712028503,12,s2,False,ring-selected zero-retuning,baseline_all_v2
10.474722862243652,0.9983770847320557,0.0852573961019516,False,True,16,pilot__rnn__s2__seed12,0.47697585821151733,0.4546511769294739,rnn,0.8222381472587585,12,s2,False,ring-selected zero-retuning,baseline_all_v2
10.504578590393066,1.0012456178665161,0.1159166693687439,False,True,128,pilot__rnn__s2__seed12,0.4805941581726074,0.4699770510196686,rnn,0.852165699005127,12,s2,False,ring-selected zero-retuning,baseline_all_v2
10.504293441772461,1.001218557357788,0.11688533425331116,False,True,512,pilot__rnn__s2__seed12,0.4810780882835388,0.4700145125389099,rnn,0.8520744442939758,12,s2,False,ring-selected zero-retuning,baseline_all_v2
10.504293441772461,1.001218557357788,0.11688533425331116,False,True,2048,pilot__rnn__s2__seed12,0.4810780882835388,0.4700145125389099,rnn,0.8520744442939758,12,s2,False,ring-selected zero-retuning,baseline_all_v2
10.504293441772461,1.001218557357788,0.11688533425331116,False,True,4096,pilot__rnn__s2__seed12,0.4810780882835388,0.4700145125389099,rnn,0.8520744442939758,12,s2,False,ring-selected zero-retuning,baseline_all_v2
4.691738128662109,1.0,0.0,False,True,0,pilot__rnn__t2__seed10,0.1170928105711937,0.0907863974571228,rnn,0.13466209173202515,10,t2,False,ring-selected zero-retuning,baseline_all_v2
4.6812286376953125,0.9998013973236084,0.07383014261722565,False,True,16,pilot__rnn__t2__seed10,0.13542407751083374,0.10766284167766571,rnn,0.1252935230731964,10,t2,False,ring-selected zero-retuning,baseline_all_v2
4.723963260650635,1.01120924949646,0.15713447332382202,False,True,128,pilot__rnn__t2__seed10,0.21262714266777039,0.18861620128154755,rnn,0.10066741704940796,10,t2,False,ring-selected zero-retuning,baseline_all_v2
4.6524977684021,0.9965977668762207,0.32347846031188965,False,True,512,pilot__rnn__t2__seed10,0.3550322353839874,0.331716924905777,rnn,0.09413305670022964,10,t2,False,ring-selected zero-retuning,baseline_all_v2
4.500014781951904,0.9662301540374756,0.417587012052536,False,True,2048,pilot__rnn__t2__seed10,0.4197337031364441,0.4401122033596039,rnn,0.07777450978755951,10,t2,False,ring-selected zero-retuning,baseline_all_v2
4.499707221984863,0.966346800327301,0.4404261112213135,False,True,4096,pilot__rnn__t2__seed10,0.44120556116104126,0.44787663221359253,rnn,0.08355399966239929,10,t2,False,ring-selected zero-retuning,baseline_all_v2
3.926750659942627,1.0,0.0,False,True,0,pilot__rnn__t2__seed11,0.06697641313076019,0.06329084187746048,rnn,0.04940594732761383,11,t2,False,ring-selected zero-retuning,baseline_all_v2
3.856471061706543,0.9841312170028687,0.03510834276676178,False,True,16,pilot__rnn__t2__seed11,0.07989127933979034,0.06859058886766434,rnn,0.05836974084377289,11,t2,False,ring-selected zero-retuning,baseline_all_v2
3.998295545578003,1.0212889909744263,0.08641672134399414,False,True,128,pilot__rnn__t2__seed11,0.12454797327518463,0.12075506150722504,rnn,0.034138403832912445,11,t2,False,ring-selected zero-retuning,baseline_all_v2
4.064450263977051,1.0412487983703613,0.2667655944824219,False,True,512,pilot__rnn__t2__seed11,0.2996670603752136,0.2896128296852112,rnn,0.03468501567840576,11,t2,False,ring-selected zero-retuning,baseline_all_v2
3.8914499282836914,1.000891923904419,0.5900536179542542,False,True,2048,pilot__rnn__t2__seed11,0.5975310802459717,0.6363711953163147,rnn,0.02565941773355007,11,t2,False,ring-selected zero-retuning,baseline_all_v2
3.984377145767212,1.0241262912750244,0.559362530708313,False,True,4096,pilot__rnn__t2__seed11,0.565502405166626,0.5783282518386841,rnn,0.017125364392995834,11,t2,False,ring-selected zero-retuning,baseline_all_v2
4.163238048553467,1.0,0.0,False,True,0,pilot__rnn__t2__seed12,0.1773778349161148,0.13634678721427917,rnn,0.15649650990962982,12,t2,False,ring-selected zero-retuning,baseline_all_v2
4.016594886779785,0.9673137068748474,0.07762167602777481,False,True,16,pilot__rnn__t2__seed12,0.19478952884674072,0.16461335122585297,rnn,0.14193139970302582,12,t2,False,ring-selected zero-retuning,baseline_all_v2
4.196447372436523,1.0116584300994873,0.15179800987243652,False,True,128,pilot__rnn__t2__seed12,0.2602604627609253,0.23810382187366486,rnn,0.10763363540172577,12,t2,False,ring-selected zero-retuning,baseline_all_v2
4.176844596862793,1.008020043373108,0.2885158061981201,False,True,512,pilot__rnn__t2__seed12,0.37935879826545715,0.373961865901947,rnn,0.094144806265831,12,t2,False,ring-selected zero-retuning,baseline_all_v2
3.9989123344421387,0.9672443866729736,0.45120322704315186,False,True,2048,pilot__rnn__t2__seed12,0.4919363856315613,0.5040256977081299,rnn,0.07853271812200546,12,t2,False,ring-selected zero-retuning,baseline_all_v2
3.989330530166626,0.964676558971405,0.45584216713905334,False,True,4096,pilot__rnn__t2__seed12,0.48801732063293457,0.5007960796356201,rnn,0.06789271533489227,12,t2,False,ring-selected zero-retuning,baseline_all_v2
1.1596134901046753,1.0,0.0,False,True,0,broad__calru__s1__lr0p01_eta1000_i50__seed10,0.0038722665049135685,0.0024984071496874094,calru,0.0022601699456572533,10,s1,True,topology-specific validation-selected,selected_hparam_v1
1.1463589668273926,0.9887192845344543,0.0013246125308796763,False,True,16,broad__calru__s1__lr0p01_eta1000_i50__seed10,0.0038570596370846033,0.0022932738065719604,calru,0.0023939446546137333,10,s1,True,topology-specific validation-selected,selected_hparam_v1
1.14609694480896,0.988499641418457,0.0017176701221615076,False,True,128,broad__calru__s1__lr0p01_eta1000_i50__seed10,0.003928911406546831,0.0022514578886330128,calru,0.002395813586190343,10,s1,True,topology-specific validation-selected,selected_hparam_v1
1.1460824012756348,0.9884873628616333,0.001717794919386506,False,True,512,broad__calru__s1__lr0p01_eta1000_i50__seed10,0.003929099068045616,0.002252444624900818,calru,0.0023954175412654877,10,s1,True,topology-specific validation-selected,selected_hparam_v1
1.1460238695144653,0.9884383678436279,0.0017182203009724617,False,True,2048,broad__calru__s1__lr0p01_eta1000_i50__seed10,0.003929839935153723,0.0022560113575309515,calru,0.0023938706144690514,10,s1,True,topology-specific validation-selected,selected_hparam_v1
1.1459462642669678,0.988373339176178,0.0017187814228236675,False,True,4096,broad__calru__s1__lr0p01_eta1000_i50__seed10,0.003930835053324699,0.002260868437588215,calru,0.0023917893413454294,10,s1,True,topology-specific validation-selected,selected_hparam_v1
1.3683980703353882,1.0,3.1482668418902904e-05,False,True,0,broad__calru__s2__lr0p003_eta1000_i50__seed10,0.032447490841150284,0.026475509628653526,calru,0.014146346598863602,10,s2,True,topology-specific validation-selected,selected_hparam_v1
1.3360973596572876,0.9758388996124268,0.006909158080816269,False,True,16,broad__calru__s2__lr0p003_eta1000_i50__seed10,0.03101170063018799,0.025170492008328438,calru,0.013005044311285019,10,s2,True,topology-specific validation-selected,selected_hparam_v1
1.3358867168426514,0.9756816029548645,0.007570771966129541,False,True,128,broad__calru__s2__lr0p003_eta1000_i50__seed10,0.030972199514508247,0.02519065886735916,calru,0.013005778193473816,10,s2,True,topology-specific validation-selected,selected_hparam_v1
1.3358867168426514,0.9756816029548645,0.007570750080049038,False,True,512,broad__calru__s2__lr0p003_eta1000_i50__seed10,0.030972182750701904,0.02519065886735916,calru,0.013005780056118965,10,s2,True,topology-specific validation-selected,selected_hparam_v1
1.3358867168426514,0.9756816029548645,0.007570750080049038,False,True,2048,broad__calru__s2__lr0p003_eta1000_i50__seed10,0.030972182750701904,0.02519065886735916,calru,0.013005780056118965,10,s2,True,topology-specific validation-selected,selected_hparam_v1
1.3358867168426514,0.9756816029548645,0.007570750080049038,False,True,4096,broad__calru__s2__lr0p003_eta1000_i50__seed10,0.030972182750701904,0.02519065886735916,calru,0.013005780056118965,10,s2,True,topology-specific validation-selected,selected_hparam_v1
1.9238057136535645,1.0,0.0,False,True,0,broad__calru__t2__lr0p01_eta1000_i50__seed10,0.006625554524362087,0.0053598470985889435,calru,0.004339924082159996,10,t2,True,topology-specific validation-selected,selected_hparam_v1
1.9179317951202393,0.9969537258148193,0.0010517504997551441,False,True,16,broad__calru__t2__lr0p01_eta1000_i50__seed10,0.006663770414888859,0.00559177016839385,calru,0.004411373287439346,10,t2,True,topology-specific validation-selected,selected_hparam_v1
1.9179118871688843,0.9969433546066284,0.001139320433139801,False,True,128,broad__calru__t2__lr0p01_eta1000_i50__seed10,0.006659193895757198,0.0055549293756484985,calru,0.004412807524204254,10,t2,True,topology-specific validation-selected,selected_hparam_v1
1.9179118871688843,0.9969433546066284,0.001139320433139801,False,True,512,broad__calru__t2__lr0p01_eta1000_i50__seed10,0.006659193895757198,0.0055549293756484985,calru,0.004412807524204254,10,t2,True,topology-specific validation-selected,selected_hparam_v1
1.9179118871688843,0.9969433546066284,0.001139320433139801,False,True,2048,broad__calru__t2__lr0p01_eta1000_i50__seed10,0.006659193895757198,0.0055549293756484985,calru,0.004412807524204254,10,t2,True,topology-specific validation-selected,selected_hparam_v1
1.9179118871688843,0.9969433546066284,0.001139320433139801,False,True,4096,broad__calru__t2__lr0p01_eta1000_i50__seed10,0.006659193895757198,0.0055549293756484985,calru,0.004412807524204254,10,t2,True,topology-specific validation-selected,selected_hparam_v1
1.3792630434036255,1.0,0.0,False,True,0,refine__calru__s1__lr0p01_eta1000_i50__seed11,0.020984165370464325,0.01776091940701008,calru,0.00786697305738926,11,s1,True,topology-specific validation-selected,selected_hparam_v1
1.3545149564743042,0.9830799698829651,0.0027902713045477867,False,True,16,refine__calru__s1__lr0p01_eta1000_i50__seed11,0.020348479971289635,0.01748991385102272,calru,0.007465289440006018,11,s1,True,topology-specific validation-selected,selected_hparam_v1
1.3544032573699951,0.983002781867981,0.002996294293552637,False,True,128,refine__calru__s1__lr0p01_eta1000_i50__seed11,0.02043241262435913,0.0175548754632473,calru,0.007443679496645927,11,s1,True,topology-specific validation-selected,selected_hparam_v1
1.3544032573699951,0.983002781867981,0.002996294293552637,False,True,512,refine__calru__s1__lr0p01_eta1000_i50__seed11,0.02043241262435913,0.0175548754632473,calru,0.007443682756274939,11,s1,True,topology-specific validation-selected,selected_hparam_v1
1.3544032573699951,0.983002781867981,0.002996294293552637,False,True,2048,refine__calru__s1__lr0p01_eta1000_i50__seed11,0.02043241262435913,0.0175548754632473,calru,0.007443682756274939,11,s1,True,topology-specific validation-selected,selected_hparam_v1
1.3544032573699951,0.983002781867981,0.002996294293552637,False,True,4096,refine__calru__s1__lr0p01_eta1000_i50__seed11,0.02043241262435913,0.0175548754632473,calru,0.007443682756274939,11,s1,True,topology-specific validation-selected,selected_hparam_v1
1.6588433980941772,1.0,0.0,False,True,0,refine__calru__s1__lr0p01_eta1000_i50__seed12,0.025495929643511772,0.020235801115632057,calru,0.010221564210951328,12,s1,True,topology-specific validation-selected,selected_hparam_v1
1.6407767534255981,0.989752471446991,0.001629304839298129,False,True,16,refine__calru__s1__lr0p01_eta1000_i50__seed12,0.025267671793699265,0.019792217761278152,calru,0.010527810081839561,12,s1,True,topology-specific validation-selected,selected_hparam_v1
1.6406108140945435,0.989660918712616,0.0017494185594841838,False,True,128,refine__calru__s1__lr0p01_eta1000_i50__seed12,0.025177903473377228,0.01978159323334694,calru,0.010496338829398155,12,s1,True,topology-specific validation-selected,selected_hparam_v1
1.6406108140945435,0.989660918712616,0.0017494212370365858,False,True,512,refine__calru__s1__lr0p01_eta1000_i50__seed12,0.02517789788544178,0.01978159323334694,calru,0.010496341623365879,12,s1,True,topology-specific validation-selected,selected_hparam_v1
1.6406108140945435,0.989660918712616,0.0017494212370365858,False,True,2048,refine__calru__s1__lr0p01_eta1000_i50__seed12,0.02517789788544178,0.01978159323334694,calru,0.010496341623365879,12,s1,True,topology-specific validation-selected,selected_hparam_v1
1.6406108140945435,0.989660918712616,0.0017494212370365858,False,True,4096,refine__calru__s1__lr0p01_eta1000_i50__seed12,0.02517789788544178,0.01978159323334694,calru,0.010496341623365879,12,s1,True,topology-specific validation-selected,selected_hparam_v1
1.5447752475738525,1.0,3.958543675253168e-05,False,True,0,refine__calru__s2__lr0p003_eta1000_i50__seed11,0.0669027715921402,0.05267290398478508,calru,0.03980293124914169,11,s2,False,topology-specific validation-selected,selected_hparam_v1
1.5114399194717407,0.9779490232467651,0.005696401931345463,False,True,16,refine__calru__s2__lr0p003_eta1000_i50__seed11,0.06788593530654907,0.05374027416110039,calru,0.03850795328617096,11,s2,False,topology-specific validation-selected,selected_hparam_v1
1.5113389492034912,0.9778825640678406,0.006155598908662796,False,True,128,refine__calru__s2__lr0p003_eta1000_i50__seed11,0.06803306937217712,0.05406314507126808,calru,0.03846573829650879,11,s2,False,topology-specific validation-selected,selected_hparam_v1
1.5113389492034912,0.9778825640678406,0.0061555784195661545,False,True,512,refine__calru__s2__lr0p003_eta1000_i50__seed11,0.06803306937217712,0.05406314507126808,calru,0.03846573829650879,11,s2,False,topology-specific validation-selected,selected_hparam_v1
1.5113389492034912,0.9778825640678406,0.0061555784195661545,False,True,2048,refine__calru__s2__lr0p003_eta1000_i50__seed11,0.06803306937217712,0.05406314507126808,calru,0.03846573829650879,11,s2,False,topology-specific validation-selected,selected_hparam_v1
1.5113389492034912,0.9778825640678406,0.0061555784195661545,False,True,4096,refine__calru__s2__lr0p003_eta1000_i50__seed11,0.06803306937217712,0.05406314507126808,calru,0.03846573829650879,11,s2,False,topology-specific validation-selected,selected_hparam_v1
1.4936752319335938,1.0,3.371193815837614e-05,False,True,0,refine__calru__s2__lr0p003_eta1000_i50__seed12,0.05049984157085419,0.03833844140172005,calru,0.025658689439296722,12,s2,False,topology-specific validation-selected,selected_hparam_v1
1.4588980674743652,0.9763866066932678,0.0068456982262432575,False,True,16,refine__calru__s2__lr0p003_eta1000_i50__seed12,0.05431665480136871,0.04240347817540169,calru,0.02356167882680893,12,s2,False,topology-specific validation-selected,selected_hparam_v1
1.4587332010269165,0.9762740135192871,0.007325300946831703,False,True,128,refine__calru__s2__lr0p003_eta1000_i50__seed12,0.05469552055001259,0.04292256385087967,calru,0.023441629484295845,12,s2,False,topology-specific validation-selected,selected_hparam_v1
1.4587332010269165,0.9762740135192871,0.007325250189751387,False,True,512,refine__calru__s2__lr0p003_eta1000_i50__seed12,0.05469551309943199,0.04292256385087967,calru,0.023441631346940994,12,s2,False,topology-specific validation-selected,selected_hparam_v1
1.4587332010269165,0.9762740135192871,0.007325250189751387,False,True,2048,refine__calru__s2__lr0p003_eta1000_i50__seed12,0.05469551309943199,0.04292256385087967,calru,0.023441631346940994,12,s2,False,topology-specific validation-selected,selected_hparam_v1
1.4587332010269165,0.9762740135192871,0.007325250189751387,False,True,4096,refine__calru__s2__lr0p003_eta1000_i50__seed12,0.05469551309943199,0.04292256385087967,calru,0.023441631346940994,12,s2,False,topology-specific validation-selected,selected_hparam_v1
1.968034267425537,1.0,0.0,False,True,0,refine__calru__t2__lr0p01_eta1000_i50__seed11,0.015483824536204338,0.011565870605409145,calru,0.009706295095384121,11,t2,True,topology-specific validation-selected,selected_hparam_v1
1.961290717124939,0.9966771602630615,0.0009312165202572942,False,True,16,refine__calru__t2__lr0p01_eta1000_i50__seed11,0.015567058697342873,0.012057946994900703,calru,0.009560558013617992,11,t2,True,topology-specific validation-selected,selected_hparam_v1
1.9612030982971191,0.9966338276863098,0.001197134144604206,False,True,128,refine__calru__t2__lr0p01_eta1000_i50__seed11,0.015559040009975433,0.011976673267781734,calru,0.009541412815451622,11,t2,True,topology-specific validation-selected,selected_hparam_v1
1.9612030982971191,0.9966338276863098,0.0011971381027251482,False,True,512,refine__calru__t2__lr0p01_eta1000_i50__seed11,0.015559040009975433,0.011976673267781734,calru,0.009541414678096771,11,t2,True,topology-specific validation-selected,selected_hparam_v1
1.9612030982971191,0.9966338276863098,0.0011971381027251482,False,True,2048,refine__calru__t2__lr0p01_eta1000_i50__seed11,0.015559040009975433,0.011976673267781734,calru,0.009541414678096771,11,t2,True,topology-specific validation-selected,selected_hparam_v1
1.9612030982971191,0.9966338276863098,0.0011971381027251482,False,True,4096,refine__calru__t2__lr0p01_eta1000_i50__seed11,0.015559040009975433,0.011976673267781734,calru,0.009541414678096771,11,t2,True,topology-specific validation-selected,selected_hparam_v1
2.0556559562683105,1.0,0.0,False,True,0,refine__calru__t2__lr0p01_eta1000_i50__seed12,0.00907912664115429,0.0070138415321707726,calru,0.005084246397018433,12,t2,True,topology-specific validation-selected,selected_hparam_v1
2.0494508743286133,0.9970177412033081,0.0009248546557500958,False,True,16,refine__calru__t2__lr0p01_eta1000_i50__seed12,0.009183783084154129,0.006981877610087395,calru,0.0049662962555885315,12,t2,True,topology-specific validation-selected,selected_hparam_v1
2.0494232177734375,0.997004508972168,0.0010971715673804283,False,True,128,refine__calru__t2__lr0p01_eta1000_i50__seed12,0.009227702394127846,0.007043701130896807,calru,0.004969909321516752,12,t2,True,topology-specific validation-selected,selected_hparam_v1
2.0494232177734375,0.997004508972168,0.0010971715673804283,False,True,512,refine__calru__t2__lr0p01_eta1000_i50__seed12,0.009227702394127846,0.007043701130896807,calru,0.004969909321516752,12,t2,True,topology-specific validation-selected,selected_hparam_v1
2.0494232177734375,0.997004508972168,0.0010971715673804283,False,True,2048,refine__calru__t2__lr0p01_eta1000_i50__seed12,0.009227702394127846,0.007043701130896807,calru,0.004969909321516752,12,t2,True,topology-specific validation-selected,selected_hparam_v1
2.0494232177734375,0.997004508972168,0.0010971715673804283,False,True,4096,refine__calru__t2__lr0p01_eta1000_i50__seed12,0.009227702394127846,0.007043701130896807,calru,0.004969909321516752,12,t2,True,topology-specific validation-selected,selected_hparam_v1
2.6236977577209473,1.0,0.0,False,True,0,refine__hc__s1__lr0p003_a0p05_b0p1_eta300_i100__seed10,0.005626514554023743,0.003218764439225197,hc,0.003656163113191724,10,s1,True,topology-specific validation-selected,selected_hparam_v1
2.5494272708892822,0.9760485291481018,0.0029624835588037968,False,True,16,refine__hc__s1__lr0p003_a0p05_b0p1_eta300_i100__seed10,0.006363287102431059,0.004444859456270933,hc,0.0032841856591403484,10,s1,True,topology-specific validation-selected,selected_hparam_v1
2.6921005249023438,1.0342586040496826,0.015043587423861027,False,True,128,refine__hc__s1__lr0p003_a0p05_b0p1_eta300_i100__seed10,0.016445375978946686,0.011589995585381985,hc,0.004008326213806868,10,s1,True,topology-specific validation-selected,selected_hparam_v1
2.802769660949707,1.0818370580673218,0.0642566978931427,False,True,512,refine__hc__s1__lr0p003_a0p05_b0p1_eta300_i100__seed10,0.06450576335191727,0.04650371894240379,hc,0.004446064122021198,10,s1,True,topology-specific validation-selected,selected_hparam_v1
2.8696866035461426,1.1120672225952148,0.14660972356796265,False,True,2048,refine__hc__s1__lr0p003_a0p05_b0p1_eta300_i100__seed10,0.14605343341827393,0.12343327701091766,hc,0.004485088400542736,10,s1,True,topology-specific validation-selected,selected_hparam_v1
2.884387969970703,1.118049144744873,0.15181922912597656,False,True,4096,refine__hc__s1__lr0p003_a0p05_b0p1_eta300_i100__seed10,0.15127083659172058,0.12889713048934937,hc,0.004621895961463451,10,s1,True,topology-specific validation-selected,selected_hparam_v1
2.6200547218322754,1.0,3.626780744525604e-05,False,True,0,refine__hc__s2__lr0p003_a0p05_bm0p3_eta1000_i50__seed10,0.03545987606048584,0.02858155593276024,hc,0.01227598451077938,10,s2,True,topology-specific validation-selected,selected_hparam_v1
2.584183692932129,0.9867369532585144,0.004561418201774359,False,True,16,refine__hc__s2__lr0p003_a0p05_bm0p3_eta1000_i50__seed10,0.0357232540845871,0.028450286015868187,hc,0.011737992987036705,10,s2,True,topology-specific validation-selected,selected_hparam_v1
2.5755038261413574,0.9837943315505981,0.02362869866192341,False,True,128,refine__hc__s2__lr0p003_a0p05_bm0p3_eta1000_i50__seed10,0.04383482038974762,0.03724360093474388,hc,0.011476021260023117,10,s2,True,topology-specific validation-selected,selected_hparam_v1
2.5826027393341064,0.9872385263442993,0.08250407874584198,False,True,512,refine__hc__s2__lr0p003_a0p05_bm0p3_eta1000_i50__seed10,0.09206019341945648,0.08118970692157745,hc,0.012020818889141083,10,s2,True,topology-specific validation-selected,selected_hparam_v1
2.5673484802246094,0.9826256036758423,0.17318756878376007,False,True,2048,refine__hc__s2__lr0p003_a0p05_bm0p3_eta1000_i50__seed10,0.17791320383548737,0.16736021637916565,hc,0.012013377621769905,10,s2,True,topology-specific validation-selected,selected_hparam_v1
2.5802242755889893,0.9881039261817932,0.1947043091058731,False,True,4096,refine__hc__s2__lr0p003_a0p05_bm0p3_eta1000_i50__seed10,0.1995433270931244,0.19103913009166718,hc,0.011167393997311592,10,s2,True,topology-specific validation-selected,selected_hparam_v1
2.9766595363616943,1.0,0.0,False,True,0,refine__hc__t2__lr0p003_a0p025_bm0p1_eta300_i100__seed10,0.01312810555100441,0.010195448994636536,hc,0.0067706480622291565,10,t2,True,topology-specific validation-selected,selected_hparam_v1
2.9186196327209473,0.9812197685241699,0.002719252835959196,False,True,16,refine__hc__t2__lr0p003_a0p025_bm0p1_eta300_i100__seed10,0.01319390069693327,0.010445810854434967,hc,0.006165057886391878,10,t2,True,topology-specific validation-selected,selected_hparam_v1
3.0456132888793945,1.02400541305542,0.011253171600401402,False,True,128,refine__hc__t2__lr0p003_a0p025_bm0p1_eta300_i100__seed10,0.017321867868304253,0.014042546972632408,hc,0.007397065870463848,10,t2,True,topology-specific validation-selected,selected_hparam_v1
3.3433375358581543,1.1256121397018433,0.05208582431077957,False,True,512,refine__hc__t2__lr0p003_a0p025_bm0p1_eta300_i100__seed10,0.0539579838514328,0.04475149139761925,hc,0.011569028720259666,10,t2,True,topology-specific validation-selected,selected_hparam_v1
3.794168472290039,1.2797976732254028,0.1692798137664795,False,True,2048,refine__hc__t2__lr0p003_a0p025_bm0p1_eta300_i100__seed10,0.16993871331214905,0.1578487902879715,hc,0.018308941274881363,10,t2,True,topology-specific validation-selected,selected_hparam_v1
3.834059000015259,1.2926712036132812,0.21108311414718628,False,True,4096,refine__hc__t2__lr0p003_a0p025_bm0p1_eta300_i100__seed10,0.2122000902891159,0.20221787691116333,hc,0.01954580843448639,10,t2,True,topology-specific validation-selected,selected_hparam_v1
2.481940507888794,1.0,0.0,False,True,0,robust__hc__s1__finalist2_lr0p003_a0p05_b0p1_eta300_i100__seed11,0.03272794932126999,0.016288254410028458,hc,0.01995895430445671,11,s1,True,topology-specific validation-selected,selected_hparam_v1
2.425004005432129,0.975974440574646,0.005579380318522453,False,True,16,robust__hc__s1__finalist2_lr0p003_a0p05_b0p1_eta300_i100__seed11,0.03224692866206169,0.01717815361917019,hc,0.018138641491532326,11,s1,True,topology-specific validation-selected,selected_hparam_v1
2.5140044689178467,1.012714147567749,0.01873853988945484,False,True,128,robust__hc__s1__finalist2_lr0p003_a0p05_b0p1_eta300_i100__seed11,0.040053922683000565,0.022783461958169937,hc,0.016941098496317863,11,s1,True,topology-specific validation-selected,selected_hparam_v1
2.724287509918213,1.1093406677246094,0.06390462815761566,False,True,512,robust__hc__s1__finalist2_lr0p003_a0p05_b0p1_eta300_i100__seed11,0.07536276429891586,0.0451325997710228,hc,0.015612781047821045,11,s1,True,topology-specific validation-selected,selected_hparam_v1
3.0626511573791504,1.259934902191162,0.13713352382183075,False,True,2048,robust__hc__s1__finalist2_lr0p003_a0p05_b0p1_eta300_i100__seed11,0.14237427711486816,0.10372074693441391,hc,0.016988631337881088,11,s1,True,topology-specific validation-selected,selected_hparam_v1
3.116650104522705,1.2843893766403198,0.14751440286636353,False,True,4096,robust__hc__s1__finalist2_lr0p003_a0p05_b0p1_eta300_i100__seed11,0.15299953520298004,0.1122974157333374,hc,0.015424026176333427,11,s1,True,topology-specific validation-selected,selected_hparam_v1
2.900724172592163,1.0,0.0,False,True,0,robust__hc__s1__finalist2_lr0p003_a0p05_b0p1_eta300_i100__seed12,0.007503670174628496,0.005282544065266848,hc,0.003523906460031867,12,s1,True,topology-specific validation-selected,selected_hparam_v1
2.8281664848327637,0.9763011932373047,0.003432610770687461,False,True,16,robust__hc__s1__finalist2_lr0p003_a0p05_b0p1_eta300_i100__seed12,0.007897830568253994,0.005575635004788637,hc,0.003187901573255658,12,s1,True,topology-specific validation-selected,selected_hparam_v1
2.8168416023254395,0.9736992716789246,0.013909469358623028,False,True,128,robust__hc__s1__finalist2_lr0p003_a0p05_b0p1_eta300_i100__seed12,0.01689465157687664,0.013787571340799332,hc,0.003055818844586611,12,s1,True,topology-specific validation-selected,selected_hparam_v1
2.6895248889923096,0.935684084892273,0.05287580192089081,False,True,512,robust__hc__s1__finalist2_lr0p003_a0p05_b0p1_eta300_i100__seed12,0.054643504321575165,0.04225428029894829,hc,0.0027815706562250853,12,s1,True,topology-specific validation-selected,selected_hparam_v1
2.739811658859253,0.954290509223938,0.11899659037590027,False,True,2048,robust__hc__s1__finalist2_lr0p003_a0p05_b0p1_eta300_i100__seed12,0.12088390439748764,0.10529138147830963,hc,0.0029849582351744175,12,s1,True,topology-specific validation-selected,selected_hparam_v1
2.7652952671051025,0.9628020524978638,0.13634727895259857,False,True,4096,robust__hc__s1__finalist2_lr0p003_a0p05_b0p1_eta300_i100__seed12,0.13835789263248444,0.12678204476833344,hc,0.003038746304810047,12,s1,True,topology-specific validation-selected,selected_hparam_v1
2.9068522453308105,1.0,3.732419281732291e-05,False,True,0,robust__hc__s2__finalist2_lr0p003_a0p05_bm0p3_eta1000_i50__seed11,0.05735106021165848,0.04985712468624115,hc,0.017187228426337242,11,s2,False,topology-specific validation-selected,selected_hparam_v1
2.858621120452881,0.9841806888580322,0.0051354276947677135,False,True,16,robust__hc__s2__finalist2_lr0p003_a0p05_bm0p3_eta1000_i50__seed11,0.057280994951725006,0.05047304183244705,hc,0.016038093715906143,11,s2,False,topology-specific validation-selected,selected_hparam_v1
2.860529899597168,0.9848195314407349,0.03195423260331154,False,True,128,robust__hc__s2__finalist2_lr0p003_a0p05_bm0p3_eta1000_i50__seed11,0.06435286998748779,0.05613301694393158,hc,0.016866140067577362,11,s2,False,topology-specific validation-selected,selected_hparam_v1
2.9240870475769043,1.0063656568527222,0.1105508953332901,False,True,512,robust__hc__s2__finalist2_lr0p003_a0p05_bm0p3_eta1000_i50__seed11,0.1195659190416336,0.10178209096193314,hc,0.018603825941681862,11,s2,False,topology-specific validation-selected,selected_hparam_v1
2.9794540405273438,1.028446912765503,0.23414871096611023,False,True,2048,robust__hc__s2__finalist2_lr0p003_a0p05_bm0p3_eta1000_i50__seed11,0.2326231598854065,0.22885076701641083,hc,0.018224818632006645,11,s2,False,topology-specific validation-selected,selected_hparam_v1
2.9905319213867188,1.0328984260559082,0.2564917206764221,False,True,4096,robust__hc__s2__finalist2_lr0p003_a0p05_bm0p3_eta1000_i50__seed11,0.25417613983154297,0.2545151114463806,hc,0.01945246011018753,11,s2,False,topology-specific validation-selected,selected_hparam_v1
2.620913505554199,1.0,4.1690582293085754e-05,False,True,0,robust__hc__s2__finalist2_lr0p003_a0p05_bm0p3_eta1000_i50__seed12,0.03398590162396431,0.02801656536757946,hc,0.00838769506663084,12,s2,True,topology-specific validation-selected,selected_hparam_v1
2.5854108333587646,0.9869256019592285,0.004729959182441235,False,True,16,robust__hc__s2__finalist2_lr0p003_a0p05_bm0p3_eta1000_i50__seed12,0.03456093370914459,0.02898307330906391,hc,0.007206737995147705,12,s2,True,topology-specific validation-selected,selected_hparam_v1
2.582730293273926,0.9861244559288025,0.024627763777971268,False,True,128,robust__hc__s2__finalist2_lr0p003_a0p05_bm0p3_eta1000_i50__seed12,0.043747156858444214,0.03893761336803436,hc,0.007468417752534151,12,s2,True,topology-specific validation-selected,selected_hparam_v1
2.629682779312134,1.0039607286453247,0.08264308422803879,False,True,512,robust__hc__s2__finalist2_lr0p003_a0p05_bm0p3_eta1000_i50__seed12,0.09208060801029205,0.08510922640562057,hc,0.008340743370354176,12,s2,True,topology-specific validation-selected,selected_hparam_v1
2.7508480548858643,1.0499932765960693,0.1909790337085724,False,True,2048,robust__hc__s2__finalist2_lr0p003_a0p05_bm0p3_eta1000_i50__seed12,0.19550630450248718,0.18244804441928864,hc,0.0103557538241148,12,s2,True,topology-specific validation-selected,selected_hparam_v1
2.756720781326294,1.052297830581665,0.20811697840690613,False,True,4096,robust__hc__s2__finalist2_lr0p003_a0p05_bm0p3_eta1000_i50__seed12,0.2121189534664154,0.20100705325603485,hc,0.01003008708357811,12,s2,True,topology-specific validation-selected,selected_hparam_v1
3.0618295669555664,1.0,0.0,False,True,0,robust__hc__t2__finalist2_lr0p003_a0p025_bm0p1_eta300_i100__seed11,0.0285956934094429,0.02368502877652645,hc,0.015148871578276157,11,t2,True,topology-specific validation-selected,selected_hparam_v1
3.0576019287109375,0.9985470175743103,0.003800873877480626,False,True,16,robust__hc__t2__finalist2_lr0p003_a0p025_bm0p1_eta300_i100__seed11,0.029250483959913254,0.023593299090862274,hc,0.013367580249905586,11,t2,True,topology-specific validation-selected,selected_hparam_v1
3.220432996749878,1.049856185913086,0.018969427794218063,False,True,128,robust__hc__t2__finalist2_lr0p003_a0p025_bm0p1_eta300_i100__seed11,0.03244530409574509,0.027429649606347084,hc,0.015055552124977112,11,t2,True,topology-specific validation-selected,selected_hparam_v1
3.580132484436035,1.1683626174926758,0.06725045293569565,False,True,512,robust__hc__t2__finalist2_lr0p003_a0p025_bm0p1_eta300_i100__seed11,0.0704798698425293,0.0625988319516182,hc,0.022359997034072876,11,t2,True,topology-specific validation-selected,selected_hparam_v1
4.18435525894165,1.3668794631958008,0.18693062663078308,False,True,2048,robust__hc__t2__finalist2_lr0p003_a0p025_bm0p1_eta300_i100__seed11,0.1881306916475296,0.16358844935894012,hc,0.036031052470207214,11,t2,True,topology-specific validation-selected,selected_hparam_v1
4.289792060852051,1.4013655185699463,0.2269476354122162,False,True,4096,robust__hc__t2__finalist2_lr0p003_a0p025_bm0p1_eta300_i100__seed11,0.2273237556219101,0.21913500130176544,hc,0.03969839960336685,11,t2,True,topology-specific validation-selected,selected_hparam_v1
2.8111748695373535,1.0,0.0,False,True,0,robust__hc__t2__finalist2_lr0p003_a0p025_bm0p1_eta300_i100__seed12,0.01609223708510399,0.013341343030333519,hc,0.007400424685329199,12,t2,True,topology-specific validation-selected,selected_hparam_v1
2.7763075828552246,0.9881860017776489,0.0032403492368757725,False,True,16,robust__hc__t2__finalist2_lr0p003_a0p025_bm0p1_eta300_i100__seed12,0.016895828768610954,0.013579146936535835,hc,0.0076699513010680676,12,t2,True,topology-specific validation-selected,selected_hparam_v1
2.9568352699279785,1.052486777305603,0.01659359037876129,False,True,128,robust__hc__t2__finalist2_lr0p003_a0p025_bm0p1_eta300_i100__seed12,0.023569650948047638,0.018821828067302704,hc,0.008737140335142612,12,t2,True,topology-specific validation-selected,selected_hparam_v1
3.3911080360412598,1.2075202465057373,0.07243786007165909,False,True,512,robust__hc__t2__finalist2_lr0p003_a0p025_bm0p1_eta300_i100__seed12,0.07443510740995407,0.05406368151307106,hc,0.0162886343896389,12,t2,True,topology-specific validation-selected,selected_hparam_v1
3.920055389404297,1.396500825881958,0.19621191918849945,False,True,2048,robust__hc__t2__finalist2_lr0p003_a0p025_bm0p1_eta300_i100__seed12,0.19600947201251984,0.1676461398601532,hc,0.04235579073429108,12,t2,True,topology-specific validation-selected,selected_hparam_v1
4.059483528137207,1.4464634656906128,0.2173691987991333,False,True,4096,robust__hc__t2__finalist2_lr0p003_a0p025_bm0p1_eta300_i100__seed12,0.21790748834609985,0.1821368783712387,hc,0.0473431795835495,12,t2,True,topology-specific validation-selected,selected_hparam_v1
