job_id,model,topology,seed,completed,task_success,parameters_total,validation_nmse_db,validation_error,validation_hold_error,test_mean_error,test_terminal_error,test_trial_median,test_trial_p90,test_trial_p95,test_trial_p99,test_output_norm_error,test_hold_error,test_hold_relative_improvement,test_worst_coordinate_error,finite,selection_regime,source_analysis
pilot__gru__s1__seed10,gru,s1,10,True,True,50818,-28.615108489990234,0.008078450337052345,0.4132813811302185,0.00842565018683672,0.013701936230063438,0.007710665464401245,0.013302965089678764,0.01557790394872427,0.023780880495905876,0.012529141269624233,0.40762069821357727,0.9793296456336975,,True,ring-selected zero-retuning,baseline_all_v2
pilot__gru__s1__seed11,gru,s1,11,True,True,50818,-27.363937377929688,0.009212035685777664,0.4132813811302185,0.009202404879033566,0.01673947647213936,0.008336421102285385,0.014777446165680885,0.017118161544203758,0.028427477926015854,0.011628605425357819,0.40762069821357727,0.977424144744873,,True,ring-selected zero-retuning,baseline_all_v2
pilot__gru__s1__seed12,gru,s1,12,True,True,50818,-31.131994247436523,0.0054211486130952835,0.4132813811302185,0.005637266207486391,0.008091283962130547,0.004757148213684559,0.009017999283969402,0.011992673389613628,0.02232944592833519,0.008889161050319672,0.40762069821357727,0.9861703515052795,,True,ring-selected zero-retuning,baseline_all_v2
pilot__lstm__s1__seed10,lstm,s1,10,True,True,17538,-33.77628707885742,0.0044144196435809135,0.4132813811302185,0.004610184580087662,0.007620746735483408,0.003730527590960264,0.008756561204791069,0.011128995567560196,0.017217829823493958,0.004642990883439779,0.40762069821357727,0.9886900186538696,,True,ring-selected zero-retuning,baseline_all_v2
pilot__lstm__s1__seed11,lstm,s1,11,True,True,17538,-30.573257446289062,0.006108873523771763,0.4132813811302185,0.006380063481628895,0.011745354160666466,0.005075907334685326,0.01251851674169302,0.015159505419433117,0.025890083983540535,0.00558551587164402,0.40762069821357727,0.9843480587005615,,True,ring-selected zero-retuning,baseline_all_v2
pilot__lstm__s1__seed12,lstm,s1,12,True,True,17538,-30.938514709472656,0.006406877189874649,0.4132813811302185,0.006269797682762146,0.01155116781592369,0.0052232868038117886,0.011723951436579227,0.014571295119822025,0.019284000620245934,0.005354436580091715,0.40762069821357727,0.984618604183197,,True,ring-selected zero-retuning,baseline_all_v2
pilot__rnn__s1__seed10,rnn,s1,10,True,False,17154,-7.195161819458008,0.0997006818652153,0.4132813811302185,0.10433018207550049,0.20814736187458038,0.04841382056474686,0.3109701871871948,0.37663549184799194,0.5054875016212463,0.21790973842144012,0.40762069821357727,0.7440508008003235,,True,ring-selected zero-retuning,baseline_all_v2
pilot__rnn__s1__seed11,rnn,s1,11,True,False,17154,-18.15049934387207,0.025653602555394173,0.4132813811302185,0.026737049221992493,0.04669927433133125,0.021344933658838272,0.044642385095357895,0.05729632452130318,0.139559805393219,0.036559730768203735,0.40762069821357727,0.9344069957733154,,True,ring-selected zero-retuning,baseline_all_v2
pilot__rnn__s1__seed12,rnn,s1,12,True,True,17154,-20.26536750793457,0.02054002322256565,0.4132813811302185,0.021273290738463402,0.037305545061826706,0.016995377838611603,0.03674611076712608,0.044735413044691086,0.09231330454349518,0.024486958980560303,0.40762069821357727,0.9478110671043396,,True,ring-selected zero-retuning,baseline_all_v2
pilot__gru__s2__seed10,gru,s2,10,True,False,51843,-18.78776741027832,0.02658451721072197,0.4013522267341614,0.02776089310646057,0.039542850106954575,0.023753218352794647,0.04361697658896446,0.052898336201906204,0.07996011525392532,0.033776961266994476,0.3943699598312378,0.9296069741249084,,True,ring-selected zero-retuning,baseline_all_v2
pilot__gru__s2__seed11,gru,s2,11,True,False,51843,-1.259464979171753,0.3276699185371399,0.4013522267341614,0.328006774187088,0.4027330279350281,0.3277960419654846,0.49625590443611145,0.5407922863960266,0.5955403447151184,0.5762227773666382,0.3943699598312378,0.16827647387981415,,True,ring-selected zero-retuning,baseline_all_v2
pilot__gru__s2__seed12,gru,s2,12,True,False,51843,-0.7329436540603638,0.36985331773757935,0.4013522267341614,0.36369702219963074,0.4226178228855133,0.37268877029418945,0.5281878709793091,0.5649352073669434,0.6350001692771912,0.6753098964691162,0.3943699598312378,0.07777706533670425,,True,ring-selected zero-retuning,baseline_all_v2
pilot__lstm__s2__seed10,lstm,s2,10,True,True,18243,-24.353622436523438,0.014883749186992645,0.4013522267341614,0.014894659630954266,0.0242263562977314,0.013246815651655197,0.023640232160687447,0.02745978720486164,0.038128700107336044,0.012540141120553017,0.3943699598312378,0.9622317552566528,,True,ring-selected zero-retuning,baseline_all_v2
pilot__lstm__s2__seed11,lstm,s2,11,True,True,18243,-23.635141372680664,0.016061924397945404,0.4013522267341614,0.015587634406983852,0.02607782371342182,0.013684154488146305,0.025311648845672607,0.03064226545393467,0.041323330253362656,0.013558582402765751,0.3943699598312378,0.9604746103286743,,True,ring-selected zero-retuning,baseline_all_v2
pilot__lstm__s2__seed12,lstm,s2,12,True,True,18243,-25.91034698486328,0.012160596437752247,0.4013522267341614,0.012675486505031586,0.02041756361722946,0.011060403659939766,0.02001330442726612,0.025372987613081932,0.03290325775742531,0.012678273022174835,0.3943699598312378,0.9678588509559631,,True,ring-selected zero-retuning,baseline_all_v2
pilot__rnn__s2__seed10,rnn,s2,10,True,False,17667,-1.765395998954773,0.2955823242664337,0.4013522267341614,0.2963460087776184,0.3586830496788025,0.2964783310890198,0.4542739689350128,0.4920250475406647,0.5516276955604553,0.4860476553440094,0.3943699598312378,0.24855835735797882,,True,ring-selected zero-retuning,baseline_all_v2
pilot__rnn__s2__seed11,rnn,s2,11,True,False,17667,-1.245737910270691,0.33671221137046814,0.4013522267341614,0.33614790439605713,0.39843305945396423,0.33810997009277344,0.48997974395751953,0.524308979511261,0.5987761616706848,0.5634964108467102,0.3943699598312378,0.14763309061527252,,True,ring-selected zero-retuning,baseline_all_v2
pilot__rnn__s2__seed12,rnn,s2,12,True,False,17667,-0.37528491020202637,0.4194331467151642,0.4013522267341614,0.41956546902656555,0.47782430052757263,0.43157416582107544,0.562168538570404,0.5977861285209656,0.6485864520072937,0.7020723819732666,0.3943699598312378,-0.06388800591230392,,True,ring-selected zero-retuning,baseline_all_v2
pilot__gru__t2__seed10,gru,t2,10,True,True,51716,-24.554719924926758,0.013621704652905464,0.44855472445487976,0.01330607756972313,0.02126828394830227,0.012417308986186981,0.01950337365269661,0.023087983950972557,0.032365985214710236,0.017743928357958794,0.4420863389968872,0.9699016213417053,0.01696603372693062,True,ring-selected zero-retuning,baseline_all_v2
pilot__gru__t2__seed11,gru,t2,11,True,True,51716,-24.640911102294922,0.012819411233067513,0.44855472445487976,0.01271441113203764,0.019421463832259178,0.011429320089519024,0.020045701414346695,0.02370692789554596,0.034295737743377686,0.020559176802635193,0.4420863389968872,0.9712399840354919,0.0162089541554451,True,ring-selected zero-retuning,baseline_all_v2
pilot__gru__t2__seed12,gru,t2,12,True,True,51716,-25.07353973388672,0.01263304241001606,0.44855472445487976,0.012376618571579456,0.01905769854784012,0.01133582554757595,0.018719201907515526,0.02132677100598812,0.030436640605330467,0.01775018684566021,0.4420863389968872,0.9720041155815125,0.015772582963109016,True,ring-selected zero-retuning,baseline_all_v2
pilot__lstm__t2__seed10,lstm,t2,10,True,True,18180,-25.581893920898438,0.012849373742938042,0.44855472445487976,0.012513681314885616,0.021359991282224655,0.011611366644501686,0.019848287105560303,0.022469129413366318,0.02774220146238804,0.012754285708069801,0.4420863389968872,0.9716940522193909,0.01598656177520752,True,ring-selected zero-retuning,baseline_all_v2
pilot__lstm__t2__seed11,lstm,t2,11,True,True,18180,-25.092971801757812,0.013123773038387299,0.44855472445487976,0.01288391463458538,0.021675575524568558,0.011926423758268356,0.02132800593972206,0.024749934673309326,0.030992673709988594,0.013288754038512707,0.4420863389968872,0.9708566069602966,0.016428079456090927,True,ring-selected zero-retuning,baseline_all_v2
pilot__lstm__t2__seed12,lstm,t2,12,True,True,18180,-27.136327743530273,0.010496674105525017,0.44855472445487976,0.010399287566542625,0.016498755663633347,0.009404657408595085,0.016698366031050682,0.019234249368309975,0.02579028531908989,0.01282917894423008,0.4420863389968872,0.976476788520813,0.013185610994696617,True,ring-selected zero-retuning,baseline_all_v2
pilot__rnn__t2__seed10,rnn,t2,10,True,False,17796,-9.567566871643066,0.08156989514827728,0.44855472445487976,0.08266670256853104,0.12308898568153381,0.06453461945056915,0.14153946936130524,0.1827879101037979,0.36644768714904785,0.1237889900803566,0.4420863389968872,0.8130078315734863,0.10987932980060577,True,ring-selected zero-retuning,baseline_all_v2
pilot__rnn__t2__seed11,rnn,t2,11,True,False,17796,-14.775938034057617,0.04420476034283638,0.44855472445487976,0.04318700730800629,0.064803346991539,0.039069175720214844,0.06521093845367432,0.0770736038684845,0.11867956072092056,0.05408294498920441,0.4420863389968872,0.9023109078407288,0.05529282987117767,True,ring-selected zero-retuning,baseline_all_v2
pilot__rnn__t2__seed12,rnn,t2,12,True,False,17796,-7.391536712646484,0.11628380417823792,0.44855472445487976,0.11650124192237854,0.17855244874954224,0.09142640233039856,0.21719875931739807,0.3024120628833771,0.41925048828125,0.15434564650058746,0.4420863389968872,0.7364739775657654,0.15534870326519012,True,ring-selected zero-retuning,baseline_all_v2
broad__calru__s1__lr0p01_eta1000_i50__seed10,calru,s1,10,True,True,17058,-37.19720458984375,0.0027899411506950855,0.4132813811302185,0.0028484310023486614,0.004344994202256203,0.002071274444460869,0.005654953420162201,0.007628623861819506,0.01555480808019638,0.0017070111352950335,0.40762069821357727,0.9930120706558228,,True,topology-specific validation-selected,selected_hparam_v1
refine__calru__s1__lr0p01_eta1000_i50__seed11,calru,s1,11,True,True,17058,-23.954469680786133,0.014823663979768753,0.4132813811302185,0.015997163951396942,0.021709736436605453,0.012878214940428734,0.027649253606796265,0.033127982169389725,0.07886508107185364,0.005216089077293873,0.40762069821357727,0.9607547521591187,,True,topology-specific validation-selected,selected_hparam_v1
refine__calru__s1__lr0p01_eta1000_i50__seed12,calru,s1,12,True,True,17058,-22.481430053710938,0.018189657479524612,0.4132813811302185,0.018210720270872116,0.02915298193693161,0.015843739733099937,0.03427764028310776,0.04014343395829201,0.05403170362114906,0.0065536703914403915,0.40762069821357727,0.9553243517875671,,True,topology-specific validation-selected,selected_hparam_v1
refine__hc__s1__lr0p003_a0p05_b0p1_eta300_i100__seed10,hc,s1,10,True,True,22570,-33.43672180175781,0.004096767865121365,0.4132813811302185,0.004122708924114704,0.006026390939950943,0.0030999043956398964,0.0073814671486616135,0.009870867244899273,0.018817760050296783,0.004027994349598885,0.40762069821357727,0.9898859262466431,,True,topology-specific validation-selected,selected_hparam_v1
robust__hc__s1__finalist2_lr0p003_a0p05_b0p1_eta300_i100__seed11,hc,s1,11,True,True,22570,-20.050928115844727,0.018346138298511505,0.4132813811302185,0.01843670755624771,0.03479890152812004,0.011564116925001144,0.04428081586956978,0.06136901676654816,0.08421339839696884,0.015227971598505974,0.40762069821357727,0.9547699689865112,,True,topology-specific validation-selected,selected_hparam_v1
robust__hc__s1__finalist2_lr0p003_a0p05_b0p1_eta300_i100__seed12,hc,s1,12,True,True,22570,-31.640151977539062,0.0054444074630737305,0.4132813811302185,0.005348164588212967,0.008028938435018063,0.003980083391070366,0.010525727644562721,0.013451594859361649,0.020845400169491768,0.0036061392165720463,0.40762069821357727,0.9868795275688171,,True,topology-specific validation-selected,selected_hparam_v1
broad__calru__s2__lr0p003_eta1000_i50__seed10,calru,s2,10,True,True,17267,-21.02606773376465,0.02049138955771923,0.4013522267341614,0.020053613930940628,0.03351863473653793,0.016645226627588272,0.035658013075590134,0.046092286705970764,0.06582550704479218,0.010669820941984653,0.3943699598312378,0.9491502046585083,,True,topology-specific validation-selected,selected_hparam_v1
refine__calru__s2__lr0p003_eta1000_i50__seed11,calru,s2,11,True,False,17267,-13.892165184020996,0.04839681088924408,0.4013522267341614,0.04861988127231598,0.07811705768108368,0.03884153440594673,0.08427885919809341,0.10898107290267944,0.19445233047008514,0.03591712564229965,0.3943699598312378,0.8767150640487671,,True,topology-specific validation-selected,selected_hparam_v1
refine__calru__s2__lr0p003_eta1000_i50__seed12,calru,s2,12,True,False,17267,-18.298114776611328,0.02780994400382042,0.4013522267341614,0.028160864487290382,0.05068318173289299,0.021346334367990494,0.054349206387996674,0.0708598867058754,0.1132214292883873,0.016632359474897385,0.3943699598312378,0.9285927414894104,,True,topology-specific validation-selected,selected_hparam_v1
refine__hc__s2__lr0p003_a0p05_bm0p3_eta1000_i50__seed10,hc,s2,10,True,True,22779,-20.858888626098633,0.021639784798026085,0.4013522267341614,0.02171359397470951,0.03637807071208954,0.0175999253988266,0.03955211490392685,0.05068577080965042,0.07050605118274689,0.011464742943644524,0.3943699598312378,0.9449411034584045,,True,topology-specific validation-selected,selected_hparam_v1
robust__hc__s2__finalist2_lr0p003_a0p05_bm0p3_eta1000_i50__seed11,hc,s2,11,True,False,22779,-17.017614364624023,0.03289296478033066,0.4013522267341614,0.03297775238752365,0.060959916561841965,0.027511881664395332,0.06268434226512909,0.07673916220664978,0.11050746589899063,0.015300242230296135,0.3943699598312378,0.9163786172866821,,True,topology-specific validation-selected,selected_hparam_v1
robust__hc__s2__finalist2_lr0p003_a0p05_bm0p3_eta1000_i50__seed12,hc,s2,12,True,True,22779,-20.66608428955078,0.022290192544460297,0.4013522267341614,0.022614847868680954,0.036717645823955536,0.018824554979801178,0.03866459056735039,0.048792943358421326,0.06973107159137726,0.008472343906760216,0.3943699598312378,0.9426558017730713,,True,topology-specific validation-selected,selected_hparam_v1
broad__calru__t2__lr0p01_eta1000_i50__seed10,calru,t2,10,True,True,17320,-34.45299530029297,0.004256655462086201,0.44855472445487976,0.0041925907135009766,0.006843947805464268,0.003493009600788355,0.007755789905786514,0.009738917462527752,0.014128856360912323,0.0034409859217703342,0.4420863389968872,0.9905163645744324,0.005411590449512005,True,topology-specific validation-selected,selected_hparam_v1
refine__calru__t2__lr0p01_eta1000_i50__seed11,calru,t2,11,True,True,17320,-26.387298583984375,0.010683359578251839,0.44855472445487976,0.011161462403833866,0.017316807061433792,0.008679216727614403,0.021519849076867104,0.027278557419776917,0.04029066115617752,0.009422527626156807,0.4420863389968872,0.9747527241706848,0.014793111011385918,True,topology-specific validation-selected,selected_hparam_v1
refine__calru__t2__lr0p01_eta1000_i50__seed12,calru,t2,12,True,True,17320,-31.3701229095459,0.006148263346403837,0.44855472445487976,0.006228702142834663,0.01005959790199995,0.004796846304088831,0.012223622761666775,0.015154002234339714,0.02259824052453041,0.004481146112084389,0.4420863389968872,0.9859106540679932,0.00817969162017107,True,topology-specific validation-selected,selected_hparam_v1
refine__hc__t2__lr0p003_a0p025_bm0p1_eta300_i100__seed10,hc,t2,10,True,True,22832,-28.25261688232422,0.008861115202307701,0.44855472445487976,0.008682896383106709,0.013443265110254288,0.0073591312393546104,0.015237780287861824,0.018532969057559967,0.031011952087283134,0.006014690268784761,0.4420863389968872,0.9803592562675476,0.011153243482112885,True,topology-specific validation-selected,selected_hparam_v1
robust__hc__t2__finalist2_lr0p003_a0p025_bm0p1_eta300_i100__seed11,hc,t2,11,True,True,22832,-22.317888259887695,0.017012618482112885,0.44855472445487976,0.017195679247379303,0.02965274453163147,0.014618662185966969,0.03286874666810036,0.039456743746995926,0.05605362355709076,0.013495229184627533,0.4420863389968872,0.9611033797264099,0.02162160724401474,True,topology-specific validation-selected,selected_hparam_v1
robust__hc__t2__finalist2_lr0p003_a0p025_bm0p1_eta300_i100__seed12,hc,t2,12,True,True,22832,-27.29117202758789,0.010158723220229149,0.44855472445487976,0.010213563218712807,0.015970923006534576,0.008598389104008675,0.018075134605169296,0.021510165184736252,0.029830822721123695,0.007352452725172043,0.4420863389968872,0.9768969416618347,0.013061454519629478,True,topology-specific validation-selected,selected_hparam_v1
