all_finite,anchors,hidden_recovery_q512_median,job_id,kick_radius_relative,model,output_radial_recovery_q512_median,same_memory_error512_mean,seed,signed_kick_directions,state_scale,topology,topology_radial_dimensions,selection_regime,source_analysis
True,128,0.032326992601156235,pilot__gru__s1__seed10,0.05,gru,0.0009034483227878809,0.002718660980463028,10,2,2.4168295860290527,s1,1,ring-selected zero-retuning,baseline_all_v2
True,128,0.030357390642166138,pilot__gru__s1__seed11,0.05,gru,0.0006919107399880886,0.002681393176317215,11,2,2.44998836517334,s1,1,ring-selected zero-retuning,baseline_all_v2
True,128,0.028271004557609558,pilot__gru__s1__seed12,0.05,gru,0.0006725013954564929,0.0038263110909610987,12,2,2.417835235595703,s1,1,ring-selected zero-retuning,baseline_all_v2
True,128,0.20030811429023743,pilot__gru__s2__seed10,0.05,gru,0.001913808286190033,0.0043538594618439674,10,2,3.242785692214966,s2,1,ring-selected zero-retuning,baseline_all_v2
True,128,0.0,pilot__gru__s2__seed11,0.05,gru,0.015316436067223549,0.0008741519413888454,11,2,0.20183420181274414,s2,1,ring-selected zero-retuning,baseline_all_v2
True,128,0.0,pilot__gru__s2__seed12,0.05,gru,0.014172764495015144,0.008511273190379143,12,2,1.7141058444976807,s2,1,ring-selected zero-retuning,baseline_all_v2
True,128,0.22210174798965454,pilot__gru__t2__seed10,0.05,gru,0.0027266894467175007,0.004086170345544815,10,4,3.111016035079956,t2,2,ring-selected zero-retuning,baseline_all_v2
True,128,0.23345685005187988,pilot__gru__t2__seed11,0.05,gru,0.00325355539098382,0.004253127612173557,11,4,3.202944040298462,t2,2,ring-selected zero-retuning,baseline_all_v2
True,128,0.21548393368721008,pilot__gru__t2__seed12,0.05,gru,0.0022683534771203995,0.004221367184072733,12,4,3.166224241256714,t2,2,ring-selected zero-retuning,baseline_all_v2
True,128,0.029995091259479523,pilot__lstm__s1__seed10,0.05,lstm,0.000331991002894938,0.002238520188257098,10,2,2.9122800827026367,s1,1,ring-selected zero-retuning,baseline_all_v2
True,128,0.029799435287714005,pilot__lstm__s1__seed11,0.05,lstm,0.0004277224070392549,0.0029980740509927273,11,2,3.1085896492004395,s1,1,ring-selected zero-retuning,baseline_all_v2
True,128,0.027699150145053864,pilot__lstm__s1__seed12,0.05,lstm,0.0002934068033937365,0.0020134428050369024,12,2,3.0732433795928955,s1,1,ring-selected zero-retuning,baseline_all_v2
True,128,0.08338599652051926,pilot__lstm__s2__seed10,0.05,lstm,0.00024685062817297876,0.0018205479718744755,10,2,2.8005807399749756,s2,1,ring-selected zero-retuning,baseline_all_v2
True,128,0.10421937704086304,pilot__lstm__s2__seed11,0.05,lstm,0.0005508882459253073,0.002155699534341693,11,2,2.9091384410858154,s2,1,ring-selected zero-retuning,baseline_all_v2
True,128,0.08753274381160736,pilot__lstm__s2__seed12,0.05,lstm,0.000295076344627887,0.001836092327721417,12,2,2.777632474899292,s2,1,ring-selected zero-retuning,baseline_all_v2
True,128,0.13954591751098633,pilot__lstm__t2__seed10,0.05,lstm,0.0013258053222671151,0.002735888585448265,10,4,2.8717901706695557,t2,2,ring-selected zero-retuning,baseline_all_v2
True,128,0.1325700581073761,pilot__lstm__t2__seed11,0.05,lstm,0.0009800877887755632,0.0027960692532360554,11,4,2.7797203063964844,t2,2,ring-selected zero-retuning,baseline_all_v2
True,128,0.1357700228691101,pilot__lstm__t2__seed12,0.05,lstm,0.0012525776401162148,0.00284780515357852,12,4,2.816878080368042,t2,2,ring-selected zero-retuning,baseline_all_v2
True,128,0.0,pilot__rnn__s1__seed10,0.05,rnn,0.001045483979396522,0.02602236531674862,10,2,10.125975608825684,s1,1,ring-selected zero-retuning,baseline_all_v2
True,128,0.026026757434010506,pilot__rnn__s1__seed11,0.05,rnn,0.0004907312104478478,0.005307585000991821,11,2,3.0013723373413086,s1,1,ring-selected zero-retuning,baseline_all_v2
True,128,0.02999812737107277,pilot__rnn__s1__seed12,0.05,rnn,0.0020235576666891575,0.008442101068794727,12,2,3.189239978790283,s1,1,ring-selected zero-retuning,baseline_all_v2
True,128,0.05699416995048523,pilot__rnn__s2__seed10,0.05,rnn,0.005492431577295065,0.01352391205728054,10,2,2.169497013092041,s2,1,ring-selected zero-retuning,baseline_all_v2
True,128,0.0,pilot__rnn__s2__seed11,0.05,rnn,3.3287358292000135e-06,0.00022396462736651301,11,2,9.518794059753418,s2,1,ring-selected zero-retuning,baseline_all_v2
True,128,0.0,pilot__rnn__s2__seed12,0.05,rnn,2.550775661802618e-06,4.0496284782420844e-05,12,2,10.34207534790039,s2,1,ring-selected zero-retuning,baseline_all_v2
True,128,0.595403790473938,pilot__rnn__t2__seed10,0.05,rnn,0.020923899486660957,0.03273880109190941,10,4,2.805945634841919,t2,2,ring-selected zero-retuning,baseline_all_v2
True,128,0.5787787437438965,pilot__rnn__t2__seed11,0.05,rnn,0.010648156516253948,0.009803308174014091,11,4,2.5214388370513916,t2,2,ring-selected zero-retuning,baseline_all_v2
True,128,0.4132124185562134,pilot__rnn__t2__seed12,0.05,rnn,0.022269271314144135,0.03143791854381561,12,4,2.329134464263916,t2,2,ring-selected zero-retuning,baseline_all_v2
True,128,0.20963460206985474,broad__calru__s1__lr0p01_eta1000_i50__seed10,0.05,calru,0.0421750433743,0.00034647880238480866,10,2,0.9623342752456665,s1,1,topology-specific validation-selected,selected_hparam_v1
True,128,0.6687771081924438,broad__calru__s2__lr0p003_eta1000_i50__seed10,0.05,calru,0.46647632122039795,0.00288450438529253,10,2,0.8116429448127747,s2,1,topology-specific validation-selected,selected_hparam_v1
True,128,0.44393521547317505,broad__calru__t2__lr0p01_eta1000_i50__seed10,0.05,calru,0.20471416413784027,0.0005034107016399503,10,4,1.6883796453475952,t2,2,topology-specific validation-selected,selected_hparam_v1
True,128,0.4050709009170532,refine__calru__s1__lr0p01_eta1000_i50__seed11,0.05,calru,0.13917744159698486,0.0004780222079716623,11,2,0.8103320002555847,s1,1,topology-specific validation-selected,selected_hparam_v1
True,128,0.4721391201019287,refine__calru__s1__lr0p01_eta1000_i50__seed12,0.05,calru,0.21655412018299103,0.0009341027471236885,12,2,1.431349277496338,s1,1,topology-specific validation-selected,selected_hparam_v1
True,128,0.352689266204834,refine__calru__s2__lr0p003_eta1000_i50__seed11,0.05,calru,0.13403494656085968,0.002167660742998123,11,2,0.8738731145858765,s2,1,topology-specific validation-selected,selected_hparam_v1
True,128,0.7430312633514404,refine__calru__s2__lr0p003_eta1000_i50__seed12,0.05,calru,0.5735874772071838,0.0022450927644968033,12,2,0.7242127060890198,s2,1,topology-specific validation-selected,selected_hparam_v1
True,128,0.38797882199287415,refine__calru__t2__lr0p01_eta1000_i50__seed11,0.05,calru,0.18542368710041046,0.0004878806066699326,11,4,1.807469129562378,t2,2,topology-specific validation-selected,selected_hparam_v1
True,128,0.585192084312439,refine__calru__t2__lr0p01_eta1000_i50__seed12,0.05,calru,0.35942313075065613,0.000576111429836601,12,4,1.91557776927948,t2,2,topology-specific validation-selected,selected_hparam_v1
True,128,0.08229564875364304,refine__hc__s1__lr0p003_a0p05_b0p1_eta300_i100__seed10,0.05,hc,0.0012815010268241167,0.002311708638444543,10,2,1.8341530561447144,s1,1,topology-specific validation-selected,selected_hparam_v1
True,128,0.11999589949846268,refine__hc__s2__lr0p003_a0p05_bm0p3_eta1000_i50__seed10,0.05,hc,0.0076722390949726105,0.0018960103625431657,10,2,2.441373348236084,s2,1,topology-specific validation-selected,selected_hparam_v1
True,128,0.4243333339691162,refine__hc__t2__lr0p003_a0p025_bm0p1_eta300_i100__seed10,0.05,hc,0.02720208838582039,0.0036501572467386723,10,4,2.4031710624694824,t2,2,topology-specific validation-selected,selected_hparam_v1
True,128,0.5347381830215454,robust__hc__s1__finalist2_lr0p003_a0p05_b0p1_eta300_i100__seed11,0.05,hc,0.04789632931351662,0.005507522262632847,11,2,1.8343888521194458,s1,1,topology-specific validation-selected,selected_hparam_v1
True,128,0.12446050345897675,robust__hc__s1__finalist2_lr0p003_a0p05_b0p1_eta300_i100__seed12,0.05,hc,0.007981371134519577,0.0021120011806488037,12,2,1.963688850402832,s1,1,topology-specific validation-selected,selected_hparam_v1
True,128,0.3542073965072632,robust__hc__s2__finalist2_lr0p003_a0p05_bm0p3_eta1000_i50__seed11,0.05,hc,0.0316707007586956,0.005096948705613613,11,2,2.370203971862793,s2,1,topology-specific validation-selected,selected_hparam_v1
True,128,0.12977859377861023,robust__hc__s2__finalist2_lr0p003_a0p05_bm0p3_eta1000_i50__seed12,0.05,hc,0.00794324278831482,0.0020752078853547573,12,2,2.4866080284118652,s2,1,topology-specific validation-selected,selected_hparam_v1
True,128,0.5314884185791016,robust__hc__t2__finalist2_lr0p003_a0p025_bm0p1_eta300_i100__seed11,0.05,hc,0.04522585868835449,0.004377736710011959,11,4,2.5617544651031494,t2,2,topology-specific validation-selected,selected_hparam_v1
True,128,0.8956471681594849,robust__hc__t2__finalist2_lr0p003_a0p025_bm0p1_eta300_i100__seed12,0.05,hc,0.21571356058120728,0.012655625119805336,12,4,2.2274210453033447,t2,2,topology-specific validation-selected,selected_hparam_v1
